layer,plane,line,name,category,opcode,start_us,duration_us,shape,operand_shapes,direct_weights,metadata,source,fused_ops,collectives,hlo_line,hlo_source,group,purpose
3,/device:TPU:0,XLA Ops,abs_reduce_fusion.173,loop fusion,fusion,22250.656888,51.302521,"(bf16[4096]{0:T(1024)(128)(2,1)S(1)}, bf16[4096,4096]{1,0:T(16,128)(2,1)})","bf16[4096]{0:T(1024)(128)(2,1)S(1)}; f32[4096]{0:T(1024)S(1)}; (f32[4096]{0:T(1024)S(1)}, bf16[4096,4096]{1,0:T(16,128)(2,1)}, bf16[4096,4096]{1,0:T(16,128)(2,1)}); (f32[4096]{0:T(1024)S(1)}, bf16[4096,4096]{1,0:T(16,128)(2,1)}, bf16[4096,4096]{1,0:T(16,128)(2,1)}); (f32[4096]{0:T(1024)S(1)}, bf16[4096,4096]{1,0:T(16,128)(2,1)})",input_rms_weight,"op_name=""custom_kernel/custom_kernel/jit(_quantized_matmul_jax)/reduce_max"" stack_frame_id=643",/mnt/data/workspace/tpu_benchmark_daily/third_party/torchtpu-vllm/src/vllm_torchtpu/kernels/quantized_matmul/util.py:302,"{""fusion"": 3, ""convert"": 6, ""add"": 3, ""broadcast"": 2, ""multiply"": 2, ""abs"": 1, ""reduce"": 1, ""copy"": 1, ""tuple"": 1}",[],126350,runs/layer-ops-20260923/dp8/hlo/pid-233147/module_5516.tt_jit_layernorm_L62C0_fused_add_rms_norm_add.cl_972931731.after_codegen.txt,FP8 激活量化,按 token 行计算 max(abs(x))，得到动态 FP8 量化 scale；可能融合前面的 RMSNorm/门控操作。
3,/device:TPU:0,XLA Ops,clamp_convert_fusion.128,loop fusion,fusion,22301.968788,16.719088,"f8e4m3fn[4096,4096]{1,0:T(32,128)(4,1)S(1)}","(bf16[4096]{0:T(1024)(128)(2,1)S(1)}, bf16[4096,4096]{1,0:T(16,128)(2,1)}); f32[4096]{0:T(1024)S(1)}",,"op_name=""custom_kernel/custom_kernel/jit(_quantized_matmul_jax)/convert_element_type"" stack_frame_id=646",/mnt/data/workspace/tpu_benchmark_daily/third_party/torchtpu-vllm/src/vllm_torchtpu/kernels/quantized_matmul/util.py:312,"{""broadcast"": 3, ""fusion"": 1, ""convert"": 2, ""divide"": 1, ""clamp"": 1, ""copy"": 1}",[],126352,runs/layer-ops-20260923/dp8/hlo/pid-233147/module_5516.tt_jit_layernorm_L62C0_fused_add_rms_norm_add.cl_972931731.after_codegen.txt,FP8 激活量化,按动态 scale 缩放并截断到 FP8 可表示范围，再转换为 FP8，供后续 MXU GEMM 使用。
3,/device:TPU:0,XLA Ops,multiply_convert_fusion.59,convolution fusion,fusion,22319.679622,349.056423,"bf16[4096,17408]{1,0:T(8,128)(2,1)}","f8e4m3fn[4096,4096]{1,0:T(32,128)(4,1)S(1)}; f8e4m3fn[4096,17408]{1,0:T(32,128)(4,1)}; f32[17408]{0:T(1024)S(1)}; f32[4096]{0:T(1024)S(1)}","projection_weight_scale,qkv_gate_weight","op_name=""custom_kernel/custom_kernel/jit(_quantized_matmul_jax)/dot_general"" stack_frame_id=647",/mnt/data/workspace/tpu_benchmark_daily/third_party/torchtpu-vllm/src/vllm_torchtpu/kernels/quantized_matmul/util.py:98,"{""fusion"": 2, ""convolution"": 1, ""broadcast"": 2, ""multiply"": 2, ""convert"": 1}",[],126357,runs/layer-ops-20260923/dp8/hlo/pid-233147/module_5516.tt_jit_layernorm_L62C0_fused_add_rms_norm_add.cl_972931731.after_codegen.txt,全注意力输入投影,FP8 GEMM：hidden→Q、输出 gate、K、V；融合量化 scale 和输出转换。
3,/device:TPU:0 SparseCore 0,Sparse Core Ops,copy.12012.cloned.1.call-done,async-done,async-done,22669.040817,104.345738,"bf16[4096,17408]{0,1:T(8,128)(2,1)}","((bf16[4096,17408]{1,0:T(8,128)(2,1)}), bf16[4096,17408]{0,1:T(8,128)(2,1)}, u32[]{:S(8)})",,"op_name=""custom_kernel/custom_kernel/jit(_quantized_matmul_jax)/convert_element_type"" stack_frame_id=650",/mnt/data/workspace/tpu_benchmark_daily/third_party/torchtpu-vllm/src/vllm_torchtpu/kernels/quantized_matmul/util.py:113,{},[],8428,runs/layer-ops-20260923/dp8/hlo/pid-233147/module_5516.tt_jit_layernorm_L62C0_fused_add_rms_norm_add.cl_972931731.after_codegen.txt,SparseCore 布局转换,将数据转换为消费者要求的物理布局；start/update/done 分别表示启动、提交操作数和等待完成，源/目标 tiling 见 shape。
3,/device:TPU:0,XLA Ops,sparse-core-data-format-call.95.cloned.1.call-done,async-done,async-done,22704.398635,69.087635,"bf16[4096,17408]{0,1:T(8,128)(2,1)}","((bf16[4096,17408]{1,0:T(8,128)(2,1)}), bf16[4096,17408]{0,1:T(8,128)(2,1)})",,"op_name=""custom_kernel/custom_kernel/jit(_quantized_matmul_jax)/convert_element_type"" stack_frame_id=650",/mnt/data/workspace/tpu_benchmark_daily/third_party/torchtpu-vllm/src/vllm_torchtpu/kernels/quantized_matmul/util.py:113,{},[],126437,runs/layer-ops-20260923/dp8/hlo/pid-233147/module_5516.tt_jit_layernorm_L62C0_fused_add_rms_norm_add.cl_972931731.after_codegen.txt,SparseCore 布局转换,将数据转换为消费者要求的物理布局；start/update/done 分别表示启动、提交操作数和等待完成，源/目标 tiling 见 shape。
3,/device:TPU:0,XLA Ops,fusion.556,loop fusion,fusion,22773.487395,8.153661,"(f32[4096,2]{0,1:T(2,128)S(1)}, f8e4m3fn[4096,2,256]{0,2,1:T(8,128)(4,1)})","bf16[4096,68,256]{0,2,1:T(8,128)(2,1)}",,"op_name=""mean/mean"" stack_frame_id=486",/mnt/data/workspace/tpu_benchmark_daily/.venv/lib64/python3.12/site-packages/vllm/ir/ops/layernorm.py:18,"{""slice"": 2, ""convert"": 3, ""multiply"": 1, ""reduce"": 1, ""compare"": 6, ""broadcast"": 3, ""or"": 2, ""select"": 4, ""tuple"": 1}",[],126439,runs/layer-ops-20260923/dp8/hlo/pid-233147/module_5516.tt_jit_layernorm_L62C0_fused_add_rms_norm_add.cl_972931731.after_codegen.txt,RMSNorm/residual,计算均方、加 epsilon、rsqrt 和归一化；融合版本同时处理 residual add，具体融合范围见 HLO。
3,/device:TPU:0,XLA Ops,multiply_add_fusion.225,loop fusion,fusion,22781.888356,4.105642,"bf16[4096,2,256]{0,2,1:T(8,128)(2,1)S(1)}","f32[4096,2]{0,1:T(2,128)S(1)}; bf16[4096,68,256]{0,2,1:T(8,128)(2,1)}; bf16[256]{0:T(256)(128)(2,1)S(1)}",qk_rms_weight,"op_name=""add/add"" stack_frame_id=502",/mnt/data/workspace/tpu_benchmark_daily/.venv/lib64/python3.12/site-packages/vllm/ir/ops/layernorm.py:21,"{""slice"": 1, ""convert"": 2, ""broadcast"": 2, ""multiply"": 2, ""add"": 1}",[],126442,runs/layer-ops-20260923/dp8/hlo/pid-233147/module_5516.tt_jit_layernorm_L62C0_fused_add_rms_norm_add.cl_972931731.after_codegen.txt,Q/K RMSNorm,对每个 Q/K head 归一化并应用 head 维度的可学习权重；可与邻近算子融合。
3,/device:TPU:0,XLA Ops,fusion.12,loop fusion,fusion,22786.036015,22.086435,"f32[4096,32]{0,1:T(8,128)S(1)}","bf16[4096,34,512]{0,2,1:T(8,128)(2,1)}",,"op_name=""mean/mean"" stack_frame_id=486",/mnt/data/workspace/tpu_benchmark_daily/.venv/lib64/python3.12/site-packages/vllm/ir/ops/layernorm.py:18,"{""slice"": 1, ""convert"": 1, ""multiply"": 1, ""reduce"": 1}",[],126446,runs/layer-ops-20260923/dp8/hlo/pid-233147/module_5516.tt_jit_layernorm_L62C0_fused_add_rms_norm_add.cl_972931731.after_codegen.txt,RMSNorm/residual,计算均方、加 epsilon、rsqrt 和归一化；融合版本同时处理 residual add，具体融合范围见 HLO。
3,/device:TPU:0,XLA Ops,multiply_add_fusion.14,loop fusion,fusion,22808.345739,44.587035,"bf16[4096,32,256]{0,2,1:T(8,128)(2,1)}","f32[4096,32]{0,1:T(8,128)S(1)}; bf16[4096,34,512]{0,2,1:T(8,128)(2,1)}; bf16[256]{0:T(256)(128)(2,1)S(1)}",qk_rms_weight,"op_name=""add/add"" stack_frame_id=502",/mnt/data/workspace/tpu_benchmark_daily/.venv/lib64/python3.12/site-packages/vllm/ir/ops/layernorm.py:21,"{""slice"": 1, ""convert"": 2, ""broadcast"": 2, ""multiply"": 2, ""add"": 1}",[],126458,runs/layer-ops-20260923/dp8/hlo/pid-233147/module_5516.tt_jit_layernorm_L62C0_fused_add_rms_norm_add.cl_972931731.after_codegen.txt,Q/K RMSNorm,对每个 Q/K head 归一化并应用 head 维度的可学习权重；可与邻近算子融合。
3,/device:TPU:0,XLA Ops,as_strided.725,slice,slice,22852.932923,31.835534,"bf16[4096,32,192]{0,2,1:T(8,128)(2,1)}","bf16[4096,32,256]{0,2,1:T(8,128)(2,1)}",,"op_name=""cat/as_strided"" stack_frame_id=551",/mnt/data/workspace/tpu_benchmark_daily/.venv/lib64/python3.12/site-packages/vllm/model_executor/layers/rotary_embedding/mrope.py:349,{},[],126459,runs/layer-ops-20260923/dp8/hlo/pid-233147/module_5516.tt_jit_layernorm_L62C0_fused_add_rms_norm_add.cl_972931731.after_codegen.txt,RoPE,读取位置对应的 cos/sin，旋转 Q/K 的 rotary 部分；本模型只旋转 head_dim 的 1/4。
3,/device:TPU:0,XLA Ops,multiply_subtract_fusion.14,loop fusion,fusion,22884.768383,6.752701,"(bf16[4096,32,32]{0,2,1:T(8,128)(2,1)S(1)}, bf16[4096,32,32]{0,2,1:T(8,128)(2,1)S(1)})","bf16[4096,32,256]{0,2,1:T(8,128)(2,1)}; bf16[4096,32]{0,1:T(8,128)(2,1)S(1)}; bf16[4096,32]{0,1:T(8,128)(2,1)S(1)}",,"op_name=""sub/sub"" stack_frame_id=549",/mnt/data/workspace/tpu_benchmark_daily/.venv/lib64/python3.12/site-packages/vllm/model_executor/layers/rotary_embedding/common.py:176,"{""slice"": 2, ""broadcast"": 2, ""multiply"": 4, ""subtract"": 1, ""add"": 1, ""tuple"": 1}",[],126460,runs/layer-ops-20260923/dp8/hlo/pid-233147/module_5516.tt_jit_layernorm_L62C0_fused_add_rms_norm_add.cl_972931731.after_codegen.txt,RoPE,读取位置对应的 cos/sin，旋转 Q/K 的 rotary 部分；本模型只旋转 head_dim 的 1/4。
3,/device:TPU:0,XLA Ops,pad_maximum_fusion,loop fusion,fusion,22891.528287,39.973589,"bf16[4096,32,256]{0,2,1:T(8,128)(2,1)}","bf16[4096,32,192]{0,2,1:T(8,128)(2,1)}; (bf16[4096,32,32]{0,2,1:T(8,128)(2,1)S(1)}, bf16[4096,32,32]{0,2,1:T(8,128)(2,1)S(1)}); (bf16[4096,32,32]{0,2,1:T(8,128)(2,1)S(1)}, bf16[4096,32,32]{0,2,1:T(8,128)(2,1)S(1)})",,"op_name=""cat/cat"" stack_frame_id=551",/mnt/data/workspace/tpu_benchmark_daily/.venv/lib64/python3.12/site-packages/vllm/model_executor/layers/rotary_embedding/mrope.py:349,"{""pad"": 3, ""convert"": 4, ""maximum"": 2, ""reduce-precision"": 1}",[],126461,runs/layer-ops-20260923/dp8/hlo/pid-233147/module_5516.tt_jit_layernorm_L62C0_fused_add_rms_norm_add.cl_972931731.after_codegen.txt,RoPE,读取位置对应的 cos/sin，旋转 Q/K 的 rotary 部分；本模型只旋转 head_dim 的 1/4。
3,/device:TPU:0 SparseCore 0,Sparse Core Ops,copy.12010.cloned.1.call-done,async-done,async-done,22931.677221,51.704682,"bf16[4096,2,8,2,256]{4,3,2,0,1:T(2,128)(2,1)}","((bf16[4096,2,8,2,256]{0,4,3,2,1:T(8,128)(2,1)}), bf16[4096,2,8,2,256]{4,3,2,0,1:T(2,128)(2,1)}, u32[]{:S(8)})",,"op_name=""custom_kernel/custom_kernel/reshape;reshape"" stack_frame_id=559",/mnt/data/workspace/tpu_benchmark_daily/.venv/lib64/python3.12/site-packages/torch_tpu/_internal/pallas/pallas.py:685,{},[],12427,runs/layer-ops-20260923/dp8/hlo/pid-233147/module_5516.tt_jit_layernorm_L62C0_fused_add_rms_norm_add.cl_972931731.after_codegen.txt,SparseCore 布局转换,将数据转换为消费者要求的物理布局；start/update/done 分别表示启动、提交操作数和等待完成，源/目标 tiling 见 shape。
3,/device:TPU:0,XLA Ops,copy-done.998,copy-done,copy-done,22931.689301,2.129652,"bf16[4096,2,256]{0,2,1:T(8,128)(2,1)S(1)}","(bf16[4096,2,256]{0,2,1:T(8,128)(2,1)S(1)}, bf16[4096,2,256]{0,2,1:T(8,128)(2,1)}, u32[]{:S(2)})",,,,{},[],126470,runs/layer-ops-20260923/dp8/hlo/pid-233147/module_5516.tt_jit_layernorm_L62C0_fused_add_rms_norm_add.cl_972931731.after_codegen.txt,DMA 搬运,等待对应 DMA 完成；与 copy-start 是同一次搬运的两端，不能重复计算搬运量。
3,/device:TPU:0,XLA Ops,select_convert_fusion.89,loop fusion,fusion,22935.040892,3.912365,"f8e4m3fn[4096,2,256]{0,2,1:T(8,128)(4,1)S(1)}","bf16[4096,2,192]{0,2,1:T(8,128)(2,1)S(1)}; (bf16[4096,2,32]{0,2,1:T(8,128)(2,1)S(1)}, bf16[4096,2,32]{0,2,1:T(8,128)(2,1)S(1)}); (bf16[4096,2,32]{0,2,1:T(8,128)(2,1)S(1)}, bf16[4096,2,32]{0,2,1:T(8,128)(2,1)S(1)})",,"op_name=""to_copy/copy_"" stack_frame_id=540",/mnt/data/workspace/tpu_benchmark_daily/third_party/torchtpu-vllm/src/vllm_torchtpu/layers/core/quantization.py:88,"{""pad"": 3, ""convert"": 5, ""maximum"": 2, ""reduce-precision"": 2, ""compare"": 6, ""broadcast"": 3, ""or"": 2, ""select"": 4}",[],126473,runs/layer-ops-20260923/dp8/hlo/pid-233147/module_5516.tt_jit_layernorm_L62C0_fused_add_rms_norm_add.cl_972931731.after_codegen.txt,FP8 KV 准备,按 KV scale 将 K/V 截断并转换为 FP8，供分页缓存更新；量化发生在 RPA 调用之前。
3,/device:TPU:0,XLA Ops,pad_maximum_fusion.15,loop fusion,fusion,22938.971189,3.093637,"f8e4m3fn[4096,2,512]{0,2,1:T(8,128)(4,1)S(1)}","f8e4m3fn[4096,2,256]{0,2,1:T(8,128)(4,1)S(1)}; f8e4m3fn[4096,2,256]{0,2,1:T(8,128)(4,1)S(1)}",,"op_name=""custom_kernel/custom_kernel/concatenate"" stack_frame_id=559",/mnt/data/workspace/tpu_benchmark_daily/.venv/lib64/python3.12/site-packages/torch_tpu/_internal/pallas/pallas.py:685,"{""pad"": 2, ""convert"": 3, ""maximum"": 1}",[],126475,runs/layer-ops-20260923/dp8/hlo/pid-233147/module_5516.tt_jit_layernorm_L62C0_fused_add_rms_norm_add.cl_972931731.after_codegen.txt,FP8 KV 准备,把已量化的 K/V 拼接、补齐到 RPA 接口要求的布局；随后由 RPA kernel 更新 KV pool。
3,/device:TPU:0,XLA Ops,reshape_reshape.184,data formatting,reshape,22942.07338,15.261705,"f8e4m3fn[4096,4,64,4]{0,3,2,1:T(4,128)(4,1)}","f8e4m3fn[4096,2,512]{0,2,1:T(8,128)(4,1)S(1)}",,"op_name=""custom_kernel/custom_kernel/reshape;reshape"" stack_frame_id=559",/mnt/data/workspace/tpu_benchmark_daily/.venv/lib64/python3.12/site-packages/torch_tpu/_internal/pallas/pallas.py:685,{},[],126476,runs/layer-ops-20260923/dp8/hlo/pid-233147/module_5516.tt_jit_layernorm_L62C0_fused_add_rms_norm_add.cl_972931731.after_codegen.txt,数据复制/布局物化,编译器生成的实际数据复制或物理布局变换；比较 operand_shapes 与 shape 可区分 tiling/维度顺序和 memory space 的变化。
3,/device:TPU:0,XLA Ops,sparse-core-data-format-call.94.cloned.1.call-done,async-done,async-done,22957.335009,26.679472,"bf16[4096,2,8,2,256]{4,3,2,0,1:T(2,128)(2,1)}","((bf16[4096,2,8,2,256]{0,4,3,2,1:T(8,128)(2,1)}), bf16[4096,2,8,2,256]{4,3,2,0,1:T(2,128)(2,1)})",,"op_name=""custom_kernel/custom_kernel/reshape;reshape"" stack_frame_id=559",/mnt/data/workspace/tpu_benchmark_daily/.venv/lib64/python3.12/site-packages/torch_tpu/_internal/pallas/pallas.py:685,{},[],126477,runs/layer-ops-20260923/dp8/hlo/pid-233147/module_5516.tt_jit_layernorm_L62C0_fused_add_rms_norm_add.cl_972931731.after_codegen.txt,SparseCore 布局转换,将数据转换为消费者要求的物理布局；start/update/done 分别表示启动、提交操作数和等待完成，源/目标 tiling 见 shape。
3,/device:TPU:0,XLA Ops,RPAd-p128-b8-q1-k1536.45,custom-call,custom-call,22984.015607,5.721489,"(bf16[2,4096,8,2,256]{4,3,2,1,0:T(2,128)(2,1)}, f8e4m3fn[15642,4,64,4,128]{4,3,2,1,0:T(4,128)(4,1)})","s32[9]{0:T(128)}; s32[8]{0:T(128)}; s32[16632]{0:T(1024)}; s32[4096]{0:T(1024)}; s32[4096]{0:T(1024)}; s32[4096]{0:T(1024)}; s32[4096]{0:T(1024)}; s32[4096]{0:T(1024)}; s32[8192]{0:T(1024)}; s32[147456]{0:T(1024)}; s32[20480]{0:T(1024)}; (s32[4096]{0:T(1024)S(1)}, s32[4096]{0:T(1024)S(1)}, s32[4096]{0:T(1024)S(1)}, s32[4096]{0:T(1024)S(1)}, s32[4096]{0:T(1024)S(1)}, /*index=5*/s32[8192]{0:T(1024)S(1)}, s32[147456]{0:T(1024)S(1)}, s32[20480]{0:T(1024)S(1)}, s32[1]{0:T(128)}); bf16[2,4096,8,2,256]{4,3,2,1,0:T(2,128)(2,1)}; f8e4m3fn[4,64,4,4096]{3,2,1,0:T(4,128)(4,1)}; (bf16[4096,64,128]{2,1,0:T(8,128)(2,1)}, f8e4m3fn[15642,4,64,4,128]{4,3,2,1,0:T(4,128)(4,1)})",,,/mnt/data/workspace/tpu_benchmark_daily/.venv/lib64/python3.12/site-packages/torch_tpu/_internal/pallas/pallas.py:685,{},[],126480,runs/layer-ops-20260923/dp8/hlo/pid-233147/module_5516.tt_jit_layernorm_L62C0_fused_add_rms_norm_add.cl_972931731.after_codegen.txt,全注意力 RPA,单 token/decode RPA：读取分页 KV，计算 QKᵀ、softmax、PV；混合图同时保留此路径，纯 prefill 时其有效 decode 请求数为零。
3,/device:TPU:0,XLA Ops,RPAm-p128-b1-q256-k256.45,custom-call,custom-call,22989.745499,655.417767,"(bf16[2,4096,8,2,256]{4,3,2,1,0:T(2,128)(2,1)}, f8e4m3fn[15642,4,64,4,128]{4,3,2,1,0:T(4,128)(4,1)})","s32[9]{0:T(128)}; s32[8]{0:T(128)}; s32[16632]{0:T(1024)}; s32[8448]{0:T(1024)}; s32[8448]{0:T(1024)}; s32[8448]{0:T(1024)}; s32[8448]{0:T(1024)}; s32[8448]{0:T(1024)}; s32[16896]{0:T(1024)}; s32[50688]{0:T(1024)}; s32[126720]{0:T(1024)}; (s32[8448]{0:T(1024)S(1)}, s32[8448]{0:T(1024)S(1)}, s32[8448]{0:T(1024)S(1)}, s32[8448]{0:T(1024)S(1)}, s32[8448]{0:T(1024)S(1)}, /*index=5*/s32[16896]{0:T(1024)S(1)}, s32[50688]{0:T(1024)S(1)}, s32[126720]{0:T(1024)S(1)}, s32[1]{0:T(128)}); (bf16[2,4096,8,2,256]{4,3,2,1,0:T(2,128)(2,1)}, f8e4m3fn[15642,4,64,4,128]{4,3,2,1,0:T(4,128)(4,1)}); f8e4m3fn[4,64,4,4096]{3,2,1,0:T(4,128)(4,1)}; (bf16[2,4096,8,2,256]{4,3,2,1,0:T(2,128)(2,1)}, f8e4m3fn[15642,4,64,4,128]{4,3,2,1,0:T(4,128)(4,1)})",,,/mnt/data/workspace/tpu_benchmark_daily/.venv/lib64/python3.12/site-packages/torch_tpu/_internal/pallas/pallas.py:685,{},[],126505,runs/layer-ops-20260923/dp8/hlo/pid-233147/module_5516.tt_jit_layernorm_L62C0_fused_add_rms_norm_add.cl_972931731.after_codegen.txt,全注意力 RPA,多 token RPA：更新/读取分页 KV，执行带因果 mask 的 QKᵀ、softmax 和 PV；这些步骤在同一 Pallas kernel 内。
3,/device:TPU:0,XLA Ops,reshape.7177,data formatting,reshape,23645.164466,137.247299,"bf16[2,4096,16,256]{3,2,1,0:T(8,128)(2,1)}","(bf16[2,4096,8,2,256]{4,3,2,1,0:T(2,128)(2,1)}, f8e4m3fn[15642,4,64,4,128]{4,3,2,1,0:T(4,128)(4,1)})",,"op_name=""custom_kernel/custom_kernel/reshape"" stack_frame_id=559",/mnt/data/workspace/tpu_benchmark_daily/.venv/lib64/python3.12/site-packages/torch_tpu/_internal/pallas/pallas.py:685,{},[],126529,runs/layer-ops-20260923/dp8/hlo/pid-233147/module_5516.tt_jit_layernorm_L62C0_fused_add_rms_norm_add.cl_972931731.after_codegen.txt,数据复制/布局物化,编译器生成的实际数据复制或物理布局变换；比较 operand_shapes 与 shape 可区分 tiling/维度顺序和 memory space 的变化。
3,/device:TPU:0,XLA Ops,sparse-core-data-format-call.93.cloned.1.call-done,async-done,async-done,23782.565502,49.039616,"bf16[2,4096,16,256]{3,2,0,1:T(8,128)(2,1)}","((bf16[2,4096,16,256]{3,2,1,0:T(8,128)(2,1)}), bf16[2,4096,16,256]{3,2,0,1:T(8,128)(2,1)})",,"op_name=""custom_kernel/custom_kernel/reshape"" stack_frame_id=559",/mnt/data/workspace/tpu_benchmark_daily/.venv/lib64/python3.12/site-packages/torch_tpu/_internal/pallas/pallas.py:685,{},[],126532,runs/layer-ops-20260923/dp8/hlo/pid-233147/module_5516.tt_jit_layernorm_L62C0_fused_add_rms_norm_add.cl_972931731.after_codegen.txt,SparseCore 布局转换,将数据转换为消费者要求的物理布局；start/update/done 分别表示启动、提交操作数和等待完成，源/目标 tiling 见 shape。
3,/device:TPU:0 SparseCore 0,Sparse Core Ops,copy.12008.cloned.1.call-done,async-done,async-done,23782.572629,48.926771,"bf16[2,4096,16,256]{3,2,0,1:T(8,128)(2,1)}","((bf16[2,4096,16,256]{3,2,1,0:T(8,128)(2,1)}), bf16[2,4096,16,256]{3,2,0,1:T(8,128)(2,1)}, u32[]{:S(8)})",,"op_name=""custom_kernel/custom_kernel/reshape"" stack_frame_id=559",/mnt/data/workspace/tpu_benchmark_daily/.venv/lib64/python3.12/site-packages/torch_tpu/_internal/pallas/pallas.py:685,{},[],12576,runs/layer-ops-20260923/dp8/hlo/pid-233147/module_5516.tt_jit_layernorm_L62C0_fused_add_rms_norm_add.cl_972931731.after_codegen.txt,SparseCore 布局转换,将数据转换为消费者要求的物理布局；start/update/done 分别表示启动、提交操作数和等待完成，源/目标 tiling 见 shape。
3,/device:TPU:0,XLA Ops,sparse-core-data-format-call.92.cloned.1.call-done,async-done,async-done,23831.759979,51.379352,"bf16[4096,32,256]{0,2,1:T(8,128)(2,1)}","((bf16[4096,32,256]{2,1,0:T(8,128)(2,1)}), bf16[4096,32,256]{0,2,1:T(8,128)(2,1)})",,"op_name=""custom_kernel/custom_kernel/reshape"" stack_frame_id=559",/mnt/data/workspace/tpu_benchmark_daily/.venv/lib64/python3.12/site-packages/torch_tpu/_internal/pallas/pallas.py:685,{},[],126536,runs/layer-ops-20260923/dp8/hlo/pid-233147/module_5516.tt_jit_layernorm_L62C0_fused_add_rms_norm_add.cl_972931731.after_codegen.txt,SparseCore 布局转换,将数据转换为消费者要求的物理布局；start/update/done 分别表示启动、提交操作数和等待完成，源/目标 tiling 见 shape。
3,/device:TPU:0 SparseCore 0,Sparse Core Ops,copy.12006.cloned.1.call-done,async-done,async-done,23833.663941,49.145258,"bf16[4096,32,256]{0,2,1:T(8,128)(2,1)}","((bf16[4096,32,256]{2,1,0:T(8,128)(2,1)}), bf16[4096,32,256]{0,2,1:T(8,128)(2,1)}, u32[]{:S(8)})",,"op_name=""custom_kernel/custom_kernel/reshape"" stack_frame_id=559",/mnt/data/workspace/tpu_benchmark_daily/.venv/lib64/python3.12/site-packages/torch_tpu/_internal/pallas/pallas.py:685,{},[],12597,runs/layer-ops-20260923/dp8/hlo/pid-233147/module_5516.tt_jit_layernorm_L62C0_fused_add_rms_norm_add.cl_972931731.after_codegen.txt,SparseCore 布局转换,将数据转换为消费者要求的物理布局；start/update/done 分别表示启动、提交操作数和等待完成，源/目标 tiling 见 shape。
3,/device:TPU:0,XLA Ops,abs_reduce_fusion.56,loop fusion,fusion,23883.140456,64.142857,"(bf16[4096]{0:T(1024)(128)(2,1)S(1)}, bf16[4096,32,256]{0,2,1:T(8,128)(2,1)})","bf16[4096,32,256]{0,2,1:T(8,128)(2,1)}; bf16[4096,34,512]{0,2,1:T(8,128)(2,1)}",,"op_name=""custom_kernel/custom_kernel/jit(_quantized_matmul_jax)/reduce_max"" stack_frame_id=643",/mnt/data/workspace/tpu_benchmark_daily/third_party/torchtpu-vllm/src/vllm_torchtpu/kernels/quantized_matmul/util.py:302,"{""slice"": 1, ""convert"": 2, ""logistic"": 1, ""multiply"": 1, ""abs"": 1, ""reduce"": 1, ""tuple"": 1}",[],126537,runs/layer-ops-20260923/dp8/hlo/pid-233147/module_5516.tt_jit_layernorm_L62C0_fused_add_rms_norm_add.cl_972931731.after_codegen.txt,FP8 激活量化,按 token 行计算 max(abs(x))，得到动态 FP8 量化 scale；可能融合前面的 RMSNorm/门控操作。
3,/device:TPU:0,XLA Ops,bitcast_convert_fusion.14,loop fusion,fusion,23947.283539,65.216086,"f32[4096,8192]{0,1:T(8,128)}","(bf16[4096]{0:T(1024)(128)(2,1)S(1)}, bf16[4096,32,256]{0,2,1:T(8,128)(2,1)})",,"op_name=""custom_kernel/custom_kernel/jit(_quantized_matmul_jax)/convert_element_type"" stack_frame_id=641",/mnt/data/workspace/tpu_benchmark_daily/third_party/torchtpu-vllm/src/vllm_torchtpu/kernels/quantized_matmul/util.py:312,"{""bitcast"": 1, ""convert"": 1}",[],126538,runs/layer-ops-20260923/dp8/hlo/pid-233147/module_5516.tt_jit_layernorm_L62C0_fused_add_rms_norm_add.cl_972931731.after_codegen.txt,FP8 激活量化,按动态 scale 缩放并截断到 FP8 可表示范围，再转换为 FP8，供后续 MXU GEMM 使用。
3,/device:TPU:0,XLA Ops,sparse-core-data-format-call.91.cloned.1.call-done,async-done,async-done,24012.632728,94.146459,"f32[4096,8192]{1,0:T(8,128)}","((f32[4096,8192]{0,1:T(8,128)}), f32[4096,8192]{1,0:T(8,128)})",,"op_name=""custom_kernel/custom_kernel/jit(_quantized_matmul_jax)/convert_element_type"" stack_frame_id=641",/mnt/data/workspace/tpu_benchmark_daily/third_party/torchtpu-vllm/src/vllm_torchtpu/kernels/quantized_matmul/util.py:312,{},[],126543,runs/layer-ops-20260923/dp8/hlo/pid-233147/module_5516.tt_jit_layernorm_L62C0_fused_add_rms_norm_add.cl_972931731.after_codegen.txt,SparseCore 布局转换,将数据转换为消费者要求的物理布局；start/update/done 分别表示启动、提交操作数和等待完成，源/目标 tiling 见 shape。
3,/device:TPU:0 SparseCore 0,Sparse Core Ops,copy.12004.cloned.1.call-done,async-done,async-done,24012.660264,93.654262,"f32[4096,8192]{1,0:T(8,128)}","((f32[4096,8192]{0,1:T(8,128)}), f32[4096,8192]{1,0:T(8,128)}, u32[]{:S(8)})",,"op_name=""custom_kernel/custom_kernel/jit(_quantized_matmul_jax)/convert_element_type"" stack_frame_id=641",/mnt/data/workspace/tpu_benchmark_daily/third_party/torchtpu-vllm/src/vllm_torchtpu/kernels/quantized_matmul/util.py:312,{},[],12644,runs/layer-ops-20260923/dp8/hlo/pid-233147/module_5516.tt_jit_layernorm_L62C0_fused_add_rms_norm_add.cl_972931731.after_codegen.txt,SparseCore 布局转换,将数据转换为消费者要求的物理布局；start/update/done 分别表示启动、提交操作数和等待完成，源/目标 tiling 见 shape。
3,/device:TPU:0,XLA Ops,clamp_convert_fusion.14,loop fusion,fusion,24106.780312,52.729892,"f8e4m3fn[4096,8192]{1,0:T(32,128)(4,1)}","f32[4096,8192]{1,0:T(8,128)}; f32[4096]{0:T(1024)S(1)}",,"op_name=""custom_kernel/custom_kernel/jit(_quantized_matmul_jax)/convert_element_type"" stack_frame_id=646",/mnt/data/workspace/tpu_benchmark_daily/third_party/torchtpu-vllm/src/vllm_torchtpu/kernels/quantized_matmul/util.py:312,"{""broadcast"": 3, ""divide"": 1, ""clamp"": 1, ""convert"": 1, ""copy"": 1}",[],126544,runs/layer-ops-20260923/dp8/hlo/pid-233147/module_5516.tt_jit_layernorm_L62C0_fused_add_rms_norm_add.cl_972931731.after_codegen.txt,FP8 激活量化,按动态 scale 缩放并截断到 FP8 可表示范围，再转换为 FP8，供后续 MXU GEMM 使用。
3,/device:TPU:0,XLA Ops,multiply_reduce_fusion.113,convolution fusion,fusion,24159.516282,210.030012,"(f32[4096]{0:T(1024)S(1)}, bf16[4096,4096]{1,0:T(16,128)(2,1)}, bf16[4096,4096]{1,0:T(16,128)(2,1)})","(f32[4096]{0:T(1024)S(1)}, bf16[4096,4096]{1,0:T(16,128)(2,1)}, bf16[4096,4096]{1,0:T(16,128)(2,1)}); (f32[4096]{0:T(1024)S(1)}, bf16[4096,4096]{1,0:T(16,128)(2,1)}, bf16[4096,4096]{1,0:T(16,128)(2,1)}); (f32[4096]{0:T(1024)S(1)}, bf16[4096,4096]{1,0:T(16,128)(2,1)}); f32[4096]{0:T(1024)S(1)}; f32[4096]{0:T(1024)S(1)}; f8e4m3fn[4096,8192]{1,0:T(32,128)(4,1)}; f8e4m3fn[8192,4096]{1,0:T(32,128)(4,1)}","attention_output_weight,weight_or_scale","op_name=""custom_kernel/custom_kernel/jit(_quantized_matmul_jax)/dot_general"" stack_frame_id=647",/mnt/data/workspace/tpu_benchmark_daily/third_party/torchtpu-vllm/src/vllm_torchtpu/kernels/quantized_matmul/util.py:98,"{""fusion"": 5, ""convolution"": 1, ""broadcast"": 2, ""multiply"": 3, ""convert"": 9, ""add"": 3, ""reduce"": 1, ""copy"": 2, ""tuple"": 1}",[],126547,runs/layer-ops-20260923/dp8/hlo/pid-233147/module_5516.tt_jit_layernorm_L62C0_fused_add_rms_norm_add.cl_972931731.after_codegen.txt,attention 输出投影,把所有本地 attention head 的输出投影回 hidden；编译器可融合反量化、residual add 或下一归一化的部分归约。
3,/device:TPU:0,XLA Ops,abs_reduce_fusion.172,loop fusion,fusion,24369.583509,34.97479,"(bf16[4096]{0:T(1024)(128)(2,1)S(1)}, bf16[4096,4096]{1,0:T(16,128)(2,1)})","bf16[4096]{0:T(1024)(128)(2,1)S(1)}; f32[4096]{0:T(1024)S(1)}; (f32[4096]{0:T(1024)S(1)}, bf16[4096,4096]{1,0:T(16,128)(2,1)}, bf16[4096,4096]{1,0:T(16,128)(2,1)}); (f32[4096]{0:T(1024)S(1)}, bf16[4096,4096]{1,0:T(16,128)(2,1)}, bf16[4096,4096]{1,0:T(16,128)(2,1)})",post_attention_rms_weight,"op_name=""custom_kernel/custom_kernel/jit(_quantized_matmul_jax)/reduce_max"" stack_frame_id=643",/mnt/data/workspace/tpu_benchmark_daily/third_party/torchtpu-vllm/src/vllm_torchtpu/kernels/quantized_matmul/util.py:302,"{""fusion"": 2, ""convert"": 3, ""add"": 2, ""broadcast"": 2, ""multiply"": 2, ""abs"": 1, ""reduce"": 1, ""copy"": 1, ""tuple"": 1}",[],126551,runs/layer-ops-20260923/dp8/hlo/pid-233147/module_5516.tt_jit_layernorm_L62C0_fused_add_rms_norm_add.cl_972931731.after_codegen.txt,FP8 激活量化,按 token 行计算 max(abs(x))，得到动态 FP8 量化 scale；可能融合前面的 RMSNorm/门控操作。
3,/device:TPU:0,XLA Ops,fusion.3144,convolution fusion,fusion,24404.563101,23.169268,"(bf16[4096]{0:T(1024)(128)(2,1)S(1)}, bf16[4096,512]{0,1:T(8,128)(2,1)S(1)})","(bf16[4096]{0:T(1024)(128)(2,1)S(1)}, bf16[4096,4096]{1,0:T(16,128)(2,1)}); bf16[512,4096]{1,0:T(8,128)(2,1)S(1)}",router_weight,"op_name=""mm/mm"" stack_frame_id=509",/mnt/data/workspace/tpu_benchmark_daily/.venv/lib64/python3.12/site-packages/vllm/model_executor/parameter.py:127,"{""fusion"": 2, ""convolution"": 1, ""reduce"": 1, ""tuple"": 1}",[],126553,runs/layer-ops-20260923/dp8/hlo/pid-233147/module_5516.tt_jit_layernorm_L62C0_fused_add_rms_norm_add.cl_972931731.after_codegen.txt,Router 打分,BF16 GEMM：每个 token 的 hidden→512 个专家 logits；softmax/top-k 在后续 kernel。
3,/device:TPU:0,XLA Ops,copy.6058,data formatting,copy,24427.739721,3.921969,"bf16[4096,512]{1,0:T(8,128)(2,1)S(1)}","(bf16[4096]{0:T(1024)(128)(2,1)S(1)}, bf16[4096,512]{0,1:T(8,128)(2,1)S(1)})",,"op_name=""mm/mm"" stack_frame_id=509",/mnt/data/workspace/tpu_benchmark_daily/.venv/lib64/python3.12/site-packages/vllm/model_executor/parameter.py:127,{},[],126554,runs/layer-ops-20260923/dp8/hlo/pid-233147/module_5516.tt_jit_layernorm_L62C0_fused_add_rms_norm_add.cl_972931731.after_codegen.txt,数据复制/布局物化,编译器生成的实际数据复制或物理布局变换；比较 operand_shapes 与 shape 可区分 tiling/维度顺序和 memory space 的变化。
3,/device:TPU:0,XLA Ops,fusion.789,loop fusion,fusion,24431.679622,2.019208,f32[4096]{0:T(1024)S(1)},"bf16[4096,512]{1,0:T(8,128)(2,1)S(1)}; f32[4096]{0:T(1024)S(1)}",,"op_name=""custom_kernel/custom_kernel/jit(moe)/shard_map/reduce_sum"" stack_frame_id=734",/mnt/data/workspace/tpu_benchmark_daily/third_party/torchtpu-vllm/src/vllm_torchtpu/kernels/fused_moe/v2/layer.py:50,"{""convert"": 1, ""broadcast"": 1, ""subtract"": 1, ""exponential"": 1, ""reduce"": 1}",[],126556,runs/layer-ops-20260923/dp8/hlo/pid-233147/module_5516.tt_jit_layernorm_L62C0_fused_add_rms_norm_add.cl_972931731.after_codegen.txt,MoE 路由/通信计划,求和归约：构造或处理 top-k 权重、专家计数、token 排列、量化 scale、远端地址及搬运计划；本行 dtype/shape 和 fused_ops 给出实际运算。
3,/device:TPU:0,XLA Ops,is-finite_reduce_fusion.56,loop fusion,fusion,24433.707083,4.104442,"(pred[4096]{0:T(1024)(128)(4,1)}, f32[4096,512]{1,0:T(8,128)S(1)})","f32[4096]{0:T(1024)S(1)}; f32[4096]{0:T(1024)S(1)}; bf16[4096,512]{1,0:T(8,128)(2,1)S(1)}",,"op_name=""custom_kernel/custom_kernel/jit(moe)/shard_map/reduce_or"" stack_frame_id=959",/mnt/data/workspace/tpu_benchmark_daily/third_party/torchtpu-vllm/src/vllm_torchtpu/kernels/fused_moe/v2/layer.py:439,"{""convert"": 1, ""broadcast"": 2, ""subtract"": 1, ""exponential"": 1, ""divide"": 1, ""is-finite"": 1, ""reduce"": 1, ""tuple"": 1}",[],126557,runs/layer-ops-20260923/dp8/hlo/pid-233147/module_5516.tt_jit_layernorm_L62C0_fused_add_rms_norm_add.cl_972931731.after_codegen.txt,MoE 路由/通信计划,逻辑或归约：构造或处理 top-k 权重、专家计数、token 排列、量化 scale、远端地址及搬运计划；本行 dtype/shape 和 fused_ops 给出实际运算。
3,/device:TPU:0,XLA Ops,shard_map.183,custom-call,custom-call,24437.811675,39.795918,"(f32[4096,10]{1,0:T(8,128)S(1)}, s32[4096,10]{1,0:T(8,128)S(1)})","(pred[4096]{0:T(1024)(128)(4,1)}, f32[4096,512]{1,0:T(8,128)S(1)})",,"op_name=""custom_kernel/custom_kernel/jit(moe)/shard_map/pallas_call"" stack_frame_id=736",/mnt/data/workspace/tpu_benchmark_daily/third_party/torchtpu-vllm/src/vllm_torchtpu/kernels/fused_moe/v2/router_ops.py:107,{},[],126558,runs/layer-ops-20260923/dp8/hlo/pid-233147/module_5516.tt_jit_layernorm_L62C0_fused_add_rms_norm_add.cl_972931731.after_codegen.txt,Router top-k,Pallas top-k：从 512 个专家的路由分数选出 10 个专家及对应权重，输出 FP32 分数和 INT32 专家 ID。
3,/device:TPU:0,XLA Ops,fusion.829,loop fusion,fusion,24477.631753,2.919568,"s32[4096,10]{1,0:T(8,128)S(1)}","(f32[4096,10]{1,0:T(8,128)S(1)}, s32[4096,10]{1,0:T(8,128)S(1)})",,"op_name=""custom_kernel/custom_kernel/jit(moe)/shard_map/add"" stack_frame_id=741",/mnt/data/workspace/tpu_benchmark_daily/third_party/torchtpu-vllm/src/vllm_torchtpu/kernels/fused_moe/v2/layer.py:190,"{""sign"": 1, ""broadcast"": 11, ""compare"": 11, ""negate"": 3, ""select"": 12, ""and"": 3, ""shift-right-logical"": 1, ""add"": 3, ""multiply"": 1}",[],126560,runs/layer-ops-20260923/dp8/hlo/pid-233147/module_5516.tt_jit_layernorm_L62C0_fused_add_rms_norm_add.cl_972931731.after_codegen.txt,MoE 路由/通信计划,加法：构造或处理 top-k 权重、专家计数、token 排列、量化 scale、远端地址及搬运计划；本行 dtype/shape 和 fused_ops 给出实际运算。
3,/device:TPU:0,XLA Ops,broadcast_in_dim_reshape.371,data formatting,reshape,24480.558299,1.782713,"s32[160,256]{1,0:T(8,128)S(1)}","s32[4096,10]{1,0:T(8,128)S(1)}",,"op_name=""custom_kernel/custom_kernel/jit(moe)/shard_map/eq;jit(moe)/shard_map/broadcast_in_dim;reshape"" stack_frame_id=532",/mnt/data/workspace/tpu_benchmark_daily/.venv/lib64/python3.12/site-packages/torch_tpu/_internal/pallas/pallas.py:112,{},[],126561,runs/layer-ops-20260923/dp8/hlo/pid-233147/module_5516.tt_jit_layernorm_L62C0_fused_add_rms_norm_add.cl_972931731.after_codegen.txt,数据复制/布局物化,编译器生成的实际数据复制或物理布局变换；比较 operand_shapes 与 shape 可区分 tiling/维度顺序和 memory space 的变化。
3,/device:TPU:0,XLA Ops,reshape_reshape.185,data formatting,reshape,24482.364946,1.715486,s32[40960]{0:T(1024)S(1)},"s32[4096,10]{1,0:T(8,128)S(1)}",,"op_name=""custom_kernel/custom_kernel/jit(moe)/shard_map/reshape;reshape"" stack_frame_id=732",/mnt/data/workspace/tpu_benchmark_daily/third_party/torchtpu-vllm/src/vllm_torchtpu/kernels/fused_moe/v2/layer.py:658,{},[],126563,runs/layer-ops-20260923/dp8/hlo/pid-233147/module_5516.tt_jit_layernorm_L62C0_fused_add_rms_norm_add.cl_972931731.after_codegen.txt,数据复制/布局物化,编译器生成的实际数据复制或物理布局变换；比较 operand_shapes 与 shape 可区分 tiling/维度顺序和 memory space 的变化。
3,/device:TPU:0,XLA Ops,convert_reduce_fusion.227,loop fusion,fusion,24484.150135,16.458583,"(s32[160,512]{1,0:T(8,128)S(1)}, s32[512]{0:T(512)S(1)})","s32[160,256]{1,0:T(8,128)S(1)}",,"op_name=""custom_kernel/custom_kernel/jit(moe)/shard_map/reduce_sum"" stack_frame_id=749",/mnt/data/workspace/tpu_benchmark_daily/third_party/torchtpu-vllm/src/vllm_torchtpu/kernels/fused_moe/v2/host.py:635,"{""broadcast"": 1, ""iota"": 1, ""compare"": 1, ""convert"": 1, ""reduce"": 2, ""tuple"": 1}",[],126567,runs/layer-ops-20260923/dp8/hlo/pid-233147/module_5516.tt_jit_layernorm_L62C0_fused_add_rms_norm_add.cl_972931731.after_codegen.txt,MoE 路由/通信计划,求和归约：构造或处理 top-k 权重、专家计数、token 排列、量化 scale、远端地址及搬运计划；本行 dtype/shape 和 fused_ops 给出实际运算。
3,/device:TPU:0,XLA Ops,fusion.499,loop fusion,fusion,24501.569328,12.767107,"f8e4m3fn[512,8,32,128]{3,1,2,0:T(8,128)(4,1)S(1)}","(bf16[4096]{0:T(1024)(128)(2,1)S(1)}, bf16[4096,4096]{1,0:T(16,128)(2,1)}); (f32[4096]{0:T(1024)S(1)}, bf16[4096]{0:T(1024)(128)(2,1)S(1)}); pred[4096]{0:T(1024)(128)(4,1)S(1)}",,,,"{""broadcast"": 3, ""fusion"": 1, ""multiply"": 1, ""select"": 1, ""convert"": 1, ""bitcast"": 1}",[],126573,runs/layer-ops-20260923/dp8/hlo/pid-233147/module_5516.tt_jit_layernorm_L62C0_fused_add_rms_norm_add.cl_972931731.after_codegen.txt,MoE 激活量化,融合按行 FP8 量化与有效 token mask，生成跨 EP rank 交换的激活数据。
3,/device:TPU:0 SparseCore 0,Sparse Core Ops,all-gather.306,all-gather,all-gather,24501.624325,18.39976,"s32[8,1,45568]{2,1,0:T(1,128)}","s32[1,1,45568]{2,1,0:T(1,128)}",,"op_name=""custom_kernel/custom_kernel/jit(moe)/shard_map/all_gather"" stack_frame_id=763",/mnt/data/workspace/tpu_benchmark_daily/third_party/torchtpu-vllm/src/vllm_torchtpu/kernels/fused_moe/v2/layer.py:465,{},"[{""opcode"": ""all-gather"", ""shape"": ""s32[8,1,45568]{2,1,0:T(1,128)}"", ""replica_groups"": ""{{0,1,2,3,4,5,6,7}}"", ""attrs"": ""channel_id=1, replica_groups={{0,1,2,3,4,5,6,7}}, dimensions={0}, use_global_device_ids=true, metadata={op_name=\""custom_kernel/custom_kernel/jit(moe)/shard_map/all_gather\"" stack_frame_id=763}""}]",12997,runs/layer-ops-20260923/dp8/hlo/pid-233147/module_5516.tt_jit_layernorm_L62C0_fused_add_rms_norm_add.cl_972931731.after_codegen.txt,EP dispatch / all-gather,"收集该组 token 激活、router logits 或路由计划，供本地专家处理；实际 replica groups={{0,1,2,3,4,5,6,7}}，输出 s32[8,1,45568]{2,1,0:T(1,128)}。异步边界不能重复计费。"
3,/device:TPU:0,XLA Ops,copy.8020,data formatting,copy,24514.419118,10.462185,"f8e4m3fn[512,8,32,128]{3,2,1,0:T(32,128)(4,1)}","f8e4m3fn[512,8,32,128]{3,1,2,0:T(8,128)(4,1)S(1)}",,,,{},[],126579,runs/layer-ops-20260923/dp8/hlo/pid-233147/module_5516.tt_jit_layernorm_L62C0_fused_add_rms_norm_add.cl_972931731.after_codegen.txt,数据复制/布局物化,编译器生成的实际数据复制或物理布局变换；比较 operand_shapes 与 shape 可区分 tiling/维度顺序和 memory space 的变化。
3,/device:TPU:0,XLA Ops,copy.8806,data formatting,copy,24524.979592,1.907563,"f32[64,1,1,4096]{3,0,1,2:T(8,128)}","f32[64,1,1,4096]{3,2,1,0:T(1,128)S(1)}",routed_expert_scale,,,{},[],126585,runs/layer-ops-20260923/dp8/hlo/pid-233147/module_5516.tt_jit_layernorm_L62C0_fused_add_rms_norm_add.cl_972931731.after_codegen.txt,数据复制/布局物化,编译器生成的实际数据复制或物理布局变换；比较 operand_shapes 与 shape 可区分 tiling/维度顺序和 memory space 的变化。
3,/device:TPU:0 SparseCore 0,Sparse Core Ops,all-gather.186,all-gather,all-gather,24525.020484,578.171669,"f8e4m3fn[32768,32,128]{2,1,0:T(32,128)(4,1)}","f8e4m3fn[4096,32,128]{2,1,0:T(32,128)(4,1)}",,"op_name=""custom_kernel/custom_kernel/jit(moe)/shard_map/all_gather"" stack_frame_id=927",/mnt/data/workspace/tpu_benchmark_daily/third_party/torchtpu-vllm/src/vllm_torchtpu/kernels/fused_moe/v2/layer.py:406,{},"[{""opcode"": ""all-gather"", ""shape"": ""f8e4m3fn[32768,32,128]{2,1,0:T(32,128)(4,1)}"", ""replica_groups"": ""{{0,1,2,3,4,5,6,7}}"", ""attrs"": ""channel_id=1, replica_groups={{0,1,2,3,4,5,6,7}}, dimensions={0}, use_global_device_ids=true, metadata={op_name=\""custom_kernel/custom_kernel/jit(moe)/shard_map/all_gather\"" stack_frame_id=927}""}]",13063,runs/layer-ops-20260923/dp8/hlo/pid-233147/module_5516.tt_jit_layernorm_L62C0_fused_add_rms_norm_add.cl_972931731.after_codegen.txt,EP dispatch / all-gather,"收集该组 token 激活、router logits 或路由计划，供本地专家处理；实际 replica groups={{0,1,2,3,4,5,6,7}}，输出 f8e4m3fn[32768,32,128]{2,1,0:T(32,128)(4,1)}。异步边界不能重复计费。"
3,/device:TPU:0,XLA Ops,reduce.4574,reduce,reduce,24528.632803,1.577431,f32[4096]{0:T(1024)},"(f32[4096,10]{1,0:T(8,128)S(1)}, s32[4096,10]{1,0:T(8,128)S(1)}); f32[]{:T(128)}",,"op_name=""custom_kernel/custom_kernel/jit(moe)/shard_map/reduce_sum"" stack_frame_id=961",/mnt/data/workspace/tpu_benchmark_daily/third_party/torchtpu-vllm/src/vllm_torchtpu/kernels/fused_moe/v2/layer.py:441,"{""add"": 1}",[],126593,runs/layer-ops-20260923/dp8/hlo/pid-233147/module_5516.tt_jit_layernorm_L62C0_fused_add_rms_norm_add.cl_972931731.after_codegen.txt,MoE 路由/通信计划,求和归约：构造或处理 top-k 权重、专家计数、token 排列、量化 scale、远端地址及搬运计划；本行 dtype/shape 和 fused_ops 给出实际运算。
3,/device:TPU:0,XLA Ops,copy.6060,data formatting,copy,24532.034889,1.133253,"s32[512,2,128]{0,2,1:T(8,128)}","s32[512,2,128]{0,1,2:T(2,128)S(1)}",,"op_name=""custom_kernel/custom_kernel/reduce_window_sum"" stack_frame_id=532",/mnt/data/workspace/tpu_benchmark_daily/.venv/lib64/python3.12/site-packages/torch_tpu/_internal/pallas/pallas.py:112,{},[],126607,runs/layer-ops-20260923/dp8/hlo/pid-233147/module_5516.tt_jit_layernorm_L62C0_fused_add_rms_norm_add.cl_972931731.after_codegen.txt,数据复制/布局物化,编译器生成的实际数据复制或物理布局变换；比较 operand_shapes 与 shape 可区分 tiling/维度顺序和 memory space 的变化。
3,/device:TPU:0,XLA Ops,convolution_reduce_fusion.56,convolution fusion,fusion,24533.170619,23.668667,"bf16[4096]{0:T(1024)(128)(2,1)S(1)}","(bf16[4096]{0:T(1024)(128)(2,1)S(1)}, bf16[4096,4096]{1,0:T(16,128)(2,1)}); bf16[1,4096]{1,0:T(2,128)(2,1)S(1)}",shared_expert_gate_weight,"op_name=""mm/mm"" stack_frame_id=509",/mnt/data/workspace/tpu_benchmark_daily/.venv/lib64/python3.12/site-packages/vllm/model_executor/parameter.py:127,"{""fusion"": 2, ""convolution"": 1, ""reduce"": 1}",[],126609,runs/layer-ops-20260923/dp8/hlo/pid-233147/module_5516.tt_jit_layernorm_L62C0_fused_add_rms_norm_add.cl_972931731.after_codegen.txt,共享专家 gate,hidden→一个标量 logit；经 sigmoid 后控制该 token 的共享专家贡献。
3,/device:TPU:0,XLA Ops,clamp_convert_fusion.127,loop fusion,fusion,24557.47419,19.328932,"f8e4m3fn[4096,4096]{1,0:T(32,128)(4,1)}","(bf16[4096]{0:T(1024)(128)(2,1)S(1)}, bf16[4096,4096]{1,0:T(16,128)(2,1)}); (f32[4096]{0:T(1024)S(1)}, bf16[4096]{0:T(1024)(128)(2,1)S(1)})",,"op_name=""custom_kernel/custom_kernel/jit(_quantized_matmul_jax)/convert_element_type"" stack_frame_id=646",/mnt/data/workspace/tpu_benchmark_daily/third_party/torchtpu-vllm/src/vllm_torchtpu/kernels/quantized_matmul/util.py:312,"{""broadcast"": 3, ""fusion"": 1, ""convert"": 2, ""divide"": 1, ""clamp"": 1, ""copy"": 1}",[],126615,runs/layer-ops-20260923/dp8/hlo/pid-233147/module_5516.tt_jit_layernorm_L62C0_fused_add_rms_norm_add.cl_972931731.after_codegen.txt,FP8 激活量化,按动态 scale 缩放并截断到 FP8 可表示范围，再转换为 FP8，供后续 MXU GEMM 使用。
3,/device:TPU:0,XLA Ops,multiply_convert_fusion.356,convolution fusion,fusion,24576.889706,39.728691,"bf16[4096,2048]{1,0:T(16,128)(2,1)S(1)}","f32[2048]{0:T(1024)S(1)}; (f32[4096]{0:T(1024)S(1)}, bf16[4096]{0:T(1024)(128)(2,1)S(1)}); f8e4m3fn[4096,4096]{1,0:T(32,128)(4,1)}; f8e4m3fn[4096,2048]{1,0:T(32,128)(4,1)S(1)}","shared_gate_up_weight,weight_or_scale","op_name=""custom_kernel/custom_kernel/jit(_quantized_matmul_jax)/dot_general"" stack_frame_id=647",/mnt/data/workspace/tpu_benchmark_daily/third_party/torchtpu-vllm/src/vllm_torchtpu/kernels/quantized_matmul/util.py:98,"{""fusion"": 2, ""convolution"": 1, ""broadcast"": 2, ""multiply"": 2, ""convert"": 1, ""copy"": 1}",[],126625,runs/layer-ops-20260923/dp8/hlo/pid-233147/module_5516.tt_jit_layernorm_L62C0_fused_add_rms_norm_add.cl_972931731.after_codegen.txt,共享专家 gate/up,共享专家的 FP8 gate/up GEMM；所有 token 都经过该分支。
3,/device:TPU:0,XLA Ops,abs_reduce_fusion.236,loop fusion,fusion,24616.625601,8.629052,"bf16[4096]{0:T(1024)(128)(2,1)S(1)}","bf16[4096,2048]{1,0:T(16,128)(2,1)S(1)}",,"op_name=""custom_kernel/custom_kernel/jit(_quantized_matmul_jax)/reduce_max"" stack_frame_id=643",/mnt/data/workspace/tpu_benchmark_daily/third_party/torchtpu-vllm/src/vllm_torchtpu/kernels/quantized_matmul/util.py:302,"{""slice"": 2, ""logistic"": 1, ""multiply"": 2, ""abs"": 1, ""reduce"": 1}",[],126626,runs/layer-ops-20260923/dp8/hlo/pid-233147/module_5516.tt_jit_layernorm_L62C0_fused_add_rms_norm_add.cl_972931731.after_codegen.txt,FP8 激活量化,按 token 行计算 max(abs(x))，得到动态 FP8 量化 scale；可能融合前面的 RMSNorm/门控操作。
3,/device:TPU:0,XLA Ops,convert_reduce_fusion.353,loop fusion,fusion,24625.932773,13.147659,"s32[160,256]{1,0:T(8,128)S(1)}","s32[160,256]{1,0:T(8,128)S(1)}; pred[256,256]{1,0:T(8,128)(4,1)S(1)}",,"op_name=""custom_kernel/custom_kernel/jit(moe)/shard_map/reduce_sum"" stack_frame_id=782",/mnt/data/workspace/tpu_benchmark_daily/third_party/torchtpu-vllm/src/vllm_torchtpu/kernels/fused_moe/v2/host.py:630,"{""broadcast"": 3, ""compare"": 1, ""and"": 1, ""convert"": 1, ""reduce"": 1}",[],126634,runs/layer-ops-20260923/dp8/hlo/pid-233147/module_5516.tt_jit_layernorm_L62C0_fused_add_rms_norm_add.cl_972931731.after_codegen.txt,MoE 路由/通信计划,求和归约：构造或处理 top-k 权重、专家计数、token 排列、量化 scale、远端地址及搬运计划；本行 dtype/shape 和 fused_ops 给出实际运算。
3,/device:TPU:0,XLA Ops,clamp_convert_fusion.191,loop fusion,fusion,24639.08771,12.39976,"f8e4m3fn[4096,1024]{1,0:T(32,128)(4,1)}","f32[4096]{0:T(1024)S(1)}; bf16[4096,2048]{1,0:T(16,128)(2,1)S(1)}",,"op_name=""custom_kernel/custom_kernel/jit(_quantized_matmul_jax)/convert_element_type"" stack_frame_id=646",/mnt/data/workspace/tpu_benchmark_daily/third_party/torchtpu-vllm/src/vllm_torchtpu/kernels/quantized_matmul/util.py:312,"{""broadcast"": 3, ""slice"": 2, ""logistic"": 1, ""multiply"": 2, ""convert"": 2, ""divide"": 1, ""clamp"": 1, ""copy"": 1}",[],126635,runs/layer-ops-20260923/dp8/hlo/pid-233147/module_5516.tt_jit_layernorm_L62C0_fused_add_rms_norm_add.cl_972931731.after_codegen.txt,FP8 激活量化,按动态 scale 缩放并截断到 FP8 可表示范围，再转换为 FP8，供后续 MXU GEMM 使用。
3,/device:TPU:0,XLA Ops,copy.6061,data formatting,copy,24651.489946,11.938776,"s32[8,1,45568]{0,2,1:T(8,128)S(1)}","s32[8,1,45568]{2,1,0:T(1,128)}",,"op_name=""custom_kernel/custom_kernel/jit(moe)/shard_map/all_gather"" stack_frame_id=763",/mnt/data/workspace/tpu_benchmark_daily/third_party/torchtpu-vllm/src/vllm_torchtpu/kernels/fused_moe/v2/layer.py:465,{},[],126637,runs/layer-ops-20260923/dp8/hlo/pid-233147/module_5516.tt_jit_layernorm_L62C0_fused_add_rms_norm_add.cl_972931731.after_codegen.txt,EP 全收集,跨 EP rank 收集 token 激活或路由计划/量化 scale；整数 shape 是计划数据，FP8 shape 是激活。异步 start/done 是同一通信的控制边界。
3,/device:TPU:0,XLA Ops,slice.3035,slice,slice,24663.476591,7.692677,"s32[8,40960]{0,1:T(8,128)}","s32[8,45568]{0,1:T(8,128)S(1)}",,"op_name=""custom_kernel/custom_kernel/jit(moe)/shard_map/slice"" stack_frame_id=876",/mnt/data/workspace/tpu_benchmark_daily/third_party/torchtpu-vllm/src/vllm_torchtpu/kernels/fused_moe/v2/layer.py:159,{},[],126642,runs/layer-ops-20260923/dp8/hlo/pid-233147/module_5516.tt_jit_layernorm_L62C0_fused_add_rms_norm_add.cl_972931731.after_codegen.txt,MoE 路由/通信计划,切片：构造或处理 top-k 权重、专家计数、token 排列、量化 scale、远端地址及搬运计划；本行 dtype/shape 和 fused_ops 给出实际运算。
3,/device:TPU:0,XLA Ops,reduce-window.1388,reduce-window,reduce-window,24672.516282,1.132053,"s32[8,4,128]{2,0,1:T(8,128)S(1)}","s32[8,4,128]{2,0,1:T(8,128)S(1)}; s32[]{:T(128)}",,"op_name=""custom_kernel/custom_kernel"" stack_frame_id=532",/mnt/data/workspace/tpu_benchmark_daily/.venv/lib64/python3.12/site-packages/torch_tpu/_internal/pallas/pallas.py:112,"{""add"": 1}",[],126650,runs/layer-ops-20260923/dp8/hlo/pid-233147/module_5516.tt_jit_layernorm_L62C0_fused_add_rms_norm_add.cl_972931731.after_codegen.txt,MoE 路由/通信计划,整数前缀和/分块偏移处理：用窗口归约、slice 和 add 生成专家或目标 rank 的行起点及传输表；不是浮点模型计算。
3,/device:TPU:0,XLA Ops,fusion.3116,loop fusion,fusion,24674.907563,1.605042,"(s32[8]{0:T(128)S(1)}, s32[512,8]{1,0:T(8,128)}, s32[512,8]{1,0:T(8,128)S(1)})","s32[512,8]{1,0:T(8,128)S(1)}; s32[8,45568]{0,1:T(8,128)S(1)}",,"op_name=""custom_kernel/custom_kernel/jit(moe)/shard_map/reduce_sum"" stack_frame_id=867",/mnt/data/workspace/tpu_benchmark_daily/third_party/torchtpu-vllm/src/vllm_torchtpu/kernels/fused_moe/v2/host.py:1144,"{""slice"": 1, ""broadcast"": 6, ""add"": 4, ""and"": 1, ""bitcast"": 1, ""compare"": 1, ""subtract"": 2, ""maximum"": 1, ""shift-right-arithmetic"": 2, ""select"": 1, ""reduce"": 1, ""tuple"": 1}",[],126663,runs/layer-ops-20260923/dp8/hlo/pid-233147/module_5516.tt_jit_layernorm_L62C0_fused_add_rms_norm_add.cl_972931731.after_codegen.txt,MoE 路由/通信计划,求和归约：构造或处理 top-k 权重、专家计数、token 排列、量化 scale、远端地址及搬运计划；本行 dtype/shape 和 fused_ops 给出实际运算。
3,/device:TPU:0,XLA Ops,and_reduce_fusion.56,loop fusion,fusion,24676.51268,4.182473,s32[512]{0:T(512)S(1)},"(s32[8]{0:T(128)S(1)}, s32[512,8]{1,0:T(8,128)}, s32[512,8]{1,0:T(8,128)S(1)}); s32[]{:T(128)S(6)}",,"op_name=""custom_kernel/custom_kernel/jit(moe)/shard_map/and"" stack_frame_id=949",/mnt/data/workspace/tpu_benchmark_daily/third_party/torchtpu-vllm/src/vllm_torchtpu/kernels/fused_moe/v2/host.py:864,"{""dynamic-slice"": 1, ""broadcast"": 1, ""and"": 1, ""reduce"": 1}",[],126664,runs/layer-ops-20260923/dp8/hlo/pid-233147/module_5516.tt_jit_layernorm_L62C0_fused_add_rms_norm_add.cl_972931731.after_codegen.txt,MoE 路由/通信计划,逻辑与：构造或处理 top-k 权重、专家计数、token 排列、量化 scale、远端地址及搬运计划；本行 dtype/shape 和 fused_ops 给出实际运算。
3,/device:TPU:0,XLA Ops,select_reduce_fusion.112,loop fusion,fusion,24680.855943,32.398559,"(s32[160,256]{1,0:T(8,128)S(1)}, s32[160,256]{1,0:T(8,128)S(1)})","(s32[160,512]{1,0:T(8,128)S(1)}, s32[160,512]{1,0:T(8,128)S(1)}); s32[160,256]{1,0:T(8,128)S(1)}; (s32[160,512]{1,0:T(8,128)S(1)}, s32[160,512]{1,0:T(8,128)S(1)})",,"op_name=""custom_kernel/custom_kernel/jit(moe)/shard_map/reduce_sum"" stack_frame_id=953",/mnt/data/workspace/tpu_benchmark_daily/third_party/torchtpu-vllm/src/vllm_torchtpu/kernels/fused_moe/v2/host.py:440,"{""broadcast"": 4, ""iota"": 1, ""compare"": 1, ""select"": 2, ""reduce"": 2, ""tuple"": 1}",[],126670,runs/layer-ops-20260923/dp8/hlo/pid-233147/module_5516.tt_jit_layernorm_L62C0_fused_add_rms_norm_add.cl_972931731.after_codegen.txt,MoE 路由/通信计划,求和归约：构造或处理 top-k 权重、专家计数、token 排列、量化 scale、远端地址及搬运计划；本行 dtype/shape 和 fused_ops 给出实际运算。
3,/device:TPU:0,XLA Ops,reshape.7210,data formatting,reshape,24713.350691,2.453782,"s32[4096,10,1]{1,0,2:T(8,128)S(1)}","(s32[160,256]{1,0:T(8,128)S(1)}, s32[160,256]{1,0:T(8,128)S(1)}, s32[20,2,8,128]{3,2,1,0:T(8,128)S(1)})",,"op_name=""custom_kernel/custom_kernel/jit(moe)/shard_map/shift_right_arithmetic"" stack_frame_id=955",/mnt/data/workspace/tpu_benchmark_daily/third_party/torchtpu-vllm/src/vllm_torchtpu/kernels/fused_moe/v2/layer.py:93,{},[],126672,runs/layer-ops-20260923/dp8/hlo/pid-233147/module_5516.tt_jit_layernorm_L62C0_fused_add_rms_norm_add.cl_972931731.after_codegen.txt,数据复制/布局物化,编译器生成的实际数据复制或物理布局变换；比较 operand_shapes 与 shape 可区分 tiling/维度顺序和 memory space 的变化。
3,/device:TPU:0,XLA Ops,reshape.7211,data formatting,reshape,24715.811675,2.442977,"s32[4096,10,1]{1,0,2:T(8,128)S(1)}","(s32[160,256]{1,0:T(8,128)S(1)}, s32[160,256]{1,0:T(8,128)S(1)}, s32[20,2,8,128]{3,2,1,0:T(8,128)S(1)})",,"op_name=""custom_kernel/custom_kernel/jit(moe)/shard_map/and"" stack_frame_id=957",/mnt/data/workspace/tpu_benchmark_daily/third_party/torchtpu-vllm/src/vllm_torchtpu/kernels/fused_moe/v2/layer.py:94,{},[],126673,runs/layer-ops-20260923/dp8/hlo/pid-233147/module_5516.tt_jit_layernorm_L62C0_fused_add_rms_norm_add.cl_972931731.after_codegen.txt,数据复制/布局物化,编译器生成的实际数据复制或物理布局变换；比较 operand_shapes 与 shape 可区分 tiling/维度顺序和 memory space 的变化。
3,/device:TPU:0,XLA Ops,fusion.903,loop fusion,fusion,24718.277311,1.118848,"s32[4096,10,1]{1,0,2:T(8,128)S(1)}","s32[4096,10,1]{1,0,2:T(8,128)S(1)}; s32[4096,10,1]{1,0,2:T(8,128)S(1)}",,"op_name=""custom_kernel/custom_kernel/jit(moe)/shard_map/concatenate"" stack_frame_id=956",/mnt/data/workspace/tpu_benchmark_daily/third_party/torchtpu-vllm/src/vllm_torchtpu/kernels/fused_moe/v2/layer.py:93,"{""broadcast"": 6, ""compare"": 2, ""add"": 2, ""select"": 2, ""clamp"": 2, ""shift-left"": 2, ""or"": 1}",[],126675,runs/layer-ops-20260923/dp8/hlo/pid-233147/module_5516.tt_jit_layernorm_L62C0_fused_add_rms_norm_add.cl_972931731.after_codegen.txt,MoE 路由/通信计划,拼接：构造或处理 top-k 权重、专家计数、token 排列、量化 scale、远端地址及搬运计划；本行 dtype/shape 和 fused_ops 给出实际运算。
3,/device:TPU:0,XLA Ops,reshape.9604,data formatting,reshape,24719.403512,2.390156,s32[40960]{0:T(1024)},"s32[4096,10,1]{1,0,2:T(8,128)S(1)}",,"op_name=""custom_kernel/custom_kernel/jit(moe)/shard_map/concatenate"" stack_frame_id=956",/mnt/data/workspace/tpu_benchmark_daily/third_party/torchtpu-vllm/src/vllm_torchtpu/kernels/fused_moe/v2/layer.py:93,{},[],126676,runs/layer-ops-20260923/dp8/hlo/pid-233147/module_5516.tt_jit_layernorm_L62C0_fused_add_rms_norm_add.cl_972931731.after_codegen.txt,数据复制/布局物化,编译器生成的实际数据复制或物理布局变换；比较 operand_shapes 与 shape 可区分 tiling/维度顺序和 memory space 的变化。
3,/device:TPU:0,XLA Ops,copy.6067,data formatting,copy,24721.79832,13.444178,"s32[8,40960]{1,0:T(8,128)S(1)}","s32[8,40960]{0,1:T(8,128)}",,"op_name=""custom_kernel/custom_kernel/jit(moe)/shard_map/slice"" stack_frame_id=876",/mnt/data/workspace/tpu_benchmark_daily/third_party/torchtpu-vllm/src/vllm_torchtpu/kernels/fused_moe/v2/layer.py:159,{},[],126679,runs/layer-ops-20260923/dp8/hlo/pid-233147/module_5516.tt_jit_layernorm_L62C0_fused_add_rms_norm_add.cl_972931731.after_codegen.txt,数据复制/布局物化,编译器生成的实际数据复制或物理布局变换；比较 operand_shapes 与 shape 可区分 tiling/维度顺序和 memory space 的变化。
3,/device:TPU:0,XLA Ops,reshape.7198,data formatting,reshape,24735.266507,1.752701,"s32[1280,8,32]{2,1,0:T(8,128)S(1)}","s32[8,40960]{1,0:T(8,128)S(1)}",,"op_name=""custom_kernel/custom_kernel/jit(moe)/shard_map/eq"" stack_frame_id=882",/mnt/data/workspace/tpu_benchmark_daily/third_party/torchtpu-vllm/src/vllm_torchtpu/kernels/fused_moe/v2/host.py:742,{},[],126681,runs/layer-ops-20260923/dp8/hlo/pid-233147/module_5516.tt_jit_layernorm_L62C0_fused_add_rms_norm_add.cl_972931731.after_codegen.txt,数据复制/布局物化,编译器生成的实际数据复制或物理布局变换；比较 operand_shapes 与 shape 可区分 tiling/维度顺序和 memory space 的变化。
3,/device:TPU:0,XLA Ops,copy.6068,data formatting,copy,24737.026411,2.361345,"s32[1280,8,32]{0,2,1:T(8,128)S(1)}","s32[1280,8,32]{2,1,0:T(8,128)S(1)}",,"op_name=""custom_kernel/custom_kernel/jit(moe)/shard_map/eq"" stack_frame_id=882",/mnt/data/workspace/tpu_benchmark_daily/third_party/torchtpu-vllm/src/vllm_torchtpu/kernels/fused_moe/v2/host.py:742,{},[],126682,runs/layer-ops-20260923/dp8/hlo/pid-233147/module_5516.tt_jit_layernorm_L62C0_fused_add_rms_norm_add.cl_972931731.after_codegen.txt,数据复制/布局物化,编译器生成的实际数据复制或物理布局变换；比较 operand_shapes 与 shape 可区分 tiling/维度顺序和 memory space 的变化。
3,/device:TPU:0,XLA Ops,convert_reduce_fusion.225,loop fusion,fusion,24739.405838,14.840336,"(s32[1280,64]{0,1:T(8,128)S(1)}, s32[1280,8,64]{0,2,1:T(8,128)S(1)})","s32[1280,8,32]{0,2,1:T(8,128)S(1)}; s32[64]{0:T(128)S(1)}",,"op_name=""custom_kernel/custom_kernel/jit(moe)/shard_map/reduce_sum"" stack_frame_id=888",/mnt/data/workspace/tpu_benchmark_daily/third_party/torchtpu-vllm/src/vllm_torchtpu/kernels/fused_moe/v2/host.py:709,"{""broadcast"": 2, ""compare"": 1, ""convert"": 1, ""reduce"": 2, ""tuple"": 1}",[],126684,runs/layer-ops-20260923/dp8/hlo/pid-233147/module_5516.tt_jit_layernorm_L62C0_fused_add_rms_norm_add.cl_972931731.after_codegen.txt,MoE 路由/通信计划,求和归约：构造或处理 top-k 权重、专家计数、token 排列、量化 scale、远端地址及搬运计划；本行 dtype/shape 和 fused_ops 给出实际运算。
3,/device:TPU:0,XLA Ops,reduce-window.1394,reduce-window,reduce-window,24755.186075,4.776711,"s32[8,64,2,128]{3,1,2,0:T(8,128)S(1)}","s32[8,64,2,128]{3,1,2,0:T(8,128)S(1)}; s32[]{:T(128)}",,"op_name=""custom_kernel/custom_kernel"" stack_frame_id=532",/mnt/data/workspace/tpu_benchmark_daily/.venv/lib64/python3.12/site-packages/torch_tpu/_internal/pallas/pallas.py:112,"{""add"": 1}",[],126690,runs/layer-ops-20260923/dp8/hlo/pid-233147/module_5516.tt_jit_layernorm_L62C0_fused_add_rms_norm_add.cl_972931731.after_codegen.txt,MoE 路由/通信计划,整数前缀和/分块偏移处理：用窗口归约、slice 和 add 生成专家或目标 rank 的行起点及传输表；不是浮点模型计算。
3,/device:TPU:0,XLA Ops,select_reduce_fusion.176,loop fusion,fusion,24763.533014,2.981993,"s32[1280,8,64]{0,2,1:T(8,128)S(1)}","(s32[1280,64]{0,1:T(8,128)S(1)}, s32[1280,8,64]{0,2,1:T(8,128)S(1)}); pred[8,8]{1,0:T(8,128)(4,1)S(1)}",,"op_name=""custom_kernel/custom_kernel/jit(moe)/shard_map/reduce_sum"" stack_frame_id=898",/mnt/data/workspace/tpu_benchmark_daily/third_party/torchtpu-vllm/src/vllm_torchtpu/kernels/fused_moe/v2/host.py:728,"{""broadcast"": 3, ""select"": 1, ""reduce"": 1}",[],126710,runs/layer-ops-20260923/dp8/hlo/pid-233147/module_5516.tt_jit_layernorm_L62C0_fused_add_rms_norm_add.cl_972931731.after_codegen.txt,MoE 路由/通信计划,求和归约：构造或处理 top-k 权重、专家计数、token 排列、量化 scale、远端地址及搬运计划；本行 dtype/shape 和 fused_ops 给出实际运算。
3,/device:TPU:0,XLA Ops,convert_reduce_fusion.352,loop fusion,fusion,24767.015607,14.044418,"s32[1280,8,32]{0,2,1:T(8,128)S(1)}","s32[1280,8,32]{0,2,1:T(8,128)S(1)}; pred[8,32,32]{2,1,0:T(8,128)(4,1)S(1)}",,"op_name=""custom_kernel/custom_kernel/jit(moe)/shard_map/reduce_sum"" stack_frame_id=911",/mnt/data/workspace/tpu_benchmark_daily/third_party/torchtpu-vllm/src/vllm_torchtpu/kernels/fused_moe/v2/host.py:686,"{""broadcast"": 3, ""compare"": 1, ""and"": 1, ""convert"": 1, ""reduce"": 1}",[],126713,runs/layer-ops-20260923/dp8/hlo/pid-233147/module_5516.tt_jit_layernorm_L62C0_fused_add_rms_norm_add.cl_972931731.after_codegen.txt,MoE 路由/通信计划,求和归约：构造或处理 top-k 权重、专家计数、token 排列、量化 scale、远端地址及搬运计划；本行 dtype/shape 和 fused_ops 给出实际运算。
3,/device:TPU:0,XLA Ops,fusion.303,loop fusion,fusion,24781.068428,14.582233,"s32[1280,8,32]{0,2,1:T(8,128)S(1)}","s32[1280,8,64]{0,2,1:T(8,128)S(1)}; s32[1280,8,32]{0,2,1:T(8,128)S(1)}; s32[64]{0:T(128)S(1)}",,"op_name=""custom_kernel/custom_kernel/jit(moe)/shard_map/reduce_sum"" stack_frame_id=902",/mnt/data/workspace/tpu_benchmark_daily/third_party/torchtpu-vllm/src/vllm_torchtpu/kernels/fused_moe/v2/host.py:742,"{""broadcast"": 4, ""compare"": 1, ""select"": 1, ""reduce"": 1}",[],126714,runs/layer-ops-20260923/dp8/hlo/pid-233147/module_5516.tt_jit_layernorm_L62C0_fused_add_rms_norm_add.cl_972931731.after_codegen.txt,MoE 路由/通信计划,求和归约：构造或处理 top-k 权重、专家计数、token 排列、量化 scale、远端地址及搬运计划；本行 dtype/shape 和 fused_ops 给出实际运算。
3,/device:TPU:0,XLA Ops,add.22256,non-fusion elementwise,add,24795.658014,1.241297,"s32[1280,8,32]{0,2,1:T(8,128)}","s32[1280,8,32]{0,2,1:T(8,128)S(1)}; s32[1280,8,32]{0,2,1:T(8,128)S(1)}",,"op_name=""custom_kernel/custom_kernel/jit(moe)/shard_map/add"" stack_frame_id=881",/mnt/data/workspace/tpu_benchmark_daily/third_party/torchtpu-vllm/src/vllm_torchtpu/kernels/fused_moe/v2/host.py:884,{},[],126715,runs/layer-ops-20260923/dp8/hlo/pid-233147/module_5516.tt_jit_layernorm_L62C0_fused_add_rms_norm_add.cl_972931731.after_codegen.txt,MoE 路由/通信计划,加法：构造或处理 top-k 权重、专家计数、token 排列、量化 scale、远端地址及搬运计划；本行 dtype/shape 和 fused_ops 给出实际运算。
3,/device:TPU:0,XLA Ops,copy.6077,data formatting,copy,24796.899385,3.663866,"s32[1280,8,32]{2,1,0:T(8,128)S(1)}","s32[1280,8,32]{0,2,1:T(8,128)}",,"op_name=""custom_kernel/custom_kernel/jit(moe)/shard_map/add"" stack_frame_id=881",/mnt/data/workspace/tpu_benchmark_daily/third_party/torchtpu-vllm/src/vllm_torchtpu/kernels/fused_moe/v2/host.py:884,{},[],126716,runs/layer-ops-20260923/dp8/hlo/pid-233147/module_5516.tt_jit_layernorm_L62C0_fused_add_rms_norm_add.cl_972931731.after_codegen.txt,数据复制/布局物化,编译器生成的实际数据复制或物理布局变换；比较 operand_shapes 与 shape 可区分 tiling/维度顺序和 memory space 的变化。
3,/device:TPU:0,XLA Ops,reshape.7203,data formatting,reshape,24800.572629,7.229292,s32[327680]{0:T(1024)S(1)},"s32[1280,8,32]{2,1,0:T(8,128)S(1)}",,"op_name=""custom_kernel/custom_kernel/jit(moe)/shard_map/add"" stack_frame_id=881",/mnt/data/workspace/tpu_benchmark_daily/third_party/torchtpu-vllm/src/vllm_torchtpu/kernels/fused_moe/v2/host.py:884,{},[],126717,runs/layer-ops-20260923/dp8/hlo/pid-233147/module_5516.tt_jit_layernorm_L62C0_fused_add_rms_norm_add.cl_972931731.after_codegen.txt,数据复制/布局物化,编译器生成的实际数据复制或物理布局变换；比较 operand_shapes 与 shape 可区分 tiling/维度顺序和 memory space 的变化。
3,/device:TPU:0,XLA Ops,compare_and_fusion.56,loop fusion,fusion,24807.811525,5.839136,"pred[8,40960]{0,1:T(8,128)(4,1)S(1)}","s32[]{:T(128)S(6)}; s32[]{:T(128)S(6)}; s32[8,45568]{0,1:T(8,128)S(1)}",,"op_name=""custom_kernel/custom_kernel/jit(moe)/shard_map/and"" stack_frame_id=880",/mnt/data/workspace/tpu_benchmark_daily/third_party/torchtpu-vllm/src/vllm_torchtpu/kernels/fused_moe/v2/host.py:882,"{""slice"": 1, ""broadcast"": 2, ""compare"": 2, ""and"": 1}",[],126719,runs/layer-ops-20260923/dp8/hlo/pid-233147/module_5516.tt_jit_layernorm_L62C0_fused_add_rms_norm_add.cl_972931731.after_codegen.txt,MoE 路由/通信计划,逻辑与：构造或处理 top-k 权重、专家计数、token 排列、量化 scale、远端地址及搬运计划；本行 dtype/shape 和 fused_ops 给出实际运算。
3,/device:TPU:0,XLA Ops,copy.6066,data formatting,copy,24813.704682,6.20048,"pred[8,40960]{1,0:T(8,128)(4,1)S(1)}","pred[8,40960]{0,1:T(8,128)(4,1)S(1)}",,"op_name=""custom_kernel/custom_kernel/jit(moe)/shard_map/and"" stack_frame_id=880",/mnt/data/workspace/tpu_benchmark_daily/third_party/torchtpu-vllm/src/vllm_torchtpu/kernels/fused_moe/v2/host.py:882,{},[],126723,runs/layer-ops-20260923/dp8/hlo/pid-233147/module_5516.tt_jit_layernorm_L62C0_fused_add_rms_norm_add.cl_972931731.after_codegen.txt,数据复制/布局物化,编译器生成的实际数据复制或物理布局变换；比较 operand_shapes 与 shape 可区分 tiling/维度顺序和 memory space 的变化。
3,/device:TPU:0,XLA Ops,broadcast_in_dim.3768,broadcast,broadcast,24820.740997,4.653061,"s32[32768,10]{1,0:T(8,128)S(1)}",s32[32768]{0:T(1024)S(1)},,"op_name=""custom_kernel/custom_kernel/jit(moe)/shard_map/broadcast_in_dim"" stack_frame_id=939",/mnt/data/workspace/tpu_benchmark_daily/third_party/torchtpu-vllm/src/vllm_torchtpu/kernels/fused_moe/v2/layer.py:541,{},[],126730,runs/layer-ops-20260923/dp8/hlo/pid-233147/module_5516.tt_jit_layernorm_L62C0_fused_add_rms_norm_add.cl_972931731.after_codegen.txt,MoE 路由/通信计划,广播：构造或处理 top-k 权重、专家计数、token 排列、量化 scale、远端地址及搬运计划；本行 dtype/shape 和 fused_ops 给出实际运算。
3,/device:TPU:0,XLA Ops,reshape.10014,data formatting,reshape,24825.401111,18.954382,s32[327680]{0:T(1024)},"s32[32768,10]{1,0:T(8,128)S(1)}",,"op_name=""custom_kernel/custom_kernel/jit(moe)/shard_map/reshape"" stack_frame_id=939",/mnt/data/workspace/tpu_benchmark_daily/third_party/torchtpu-vllm/src/vllm_torchtpu/kernels/fused_moe/v2/layer.py:541,{},[],126731,runs/layer-ops-20260923/dp8/hlo/pid-233147/module_5516.tt_jit_layernorm_L62C0_fused_add_rms_norm_add.cl_972931731.after_codegen.txt,数据复制/布局物化,编译器生成的实际数据复制或物理布局变换；比较 operand_shapes 与 shape 可区分 tiling/维度顺序和 memory space 的变化。
3,/device:TPU:0,XLA Ops,multiply_reduce_fusion.416,loop fusion,fusion,24846.433449,1.777911,"(s32[8]{0:T(128)S(1)}, s32[8]{0:T(128)S(1)}, s32[8]{0:T(128)S(1)}, s32[8]{0:T(128)S(1)}, s32[8]{0:T(128)S(1)}, /*index=5*/s32[8]{0:T(128)S(1)}, s32[8]{0:T(128)S(1)}, s32[64,8]{1,0:T(8,128)})","(s32[8]{0:T(128)S(1)}, s32[512,8]{1,0:T(8,128)}, s32[512,8]{1,0:T(8,128)S(1)}); s32[]{:T(128)S(6)}; s32[8]{0:T(128)S(1)}; s32[64]{0:T(128)S(1)}; s32[8]{0:T(128)S(1)}; s32[8]{0:T(128)S(1)}; (s32[8]{0:T(128)S(1)}, s32[512]{0:T(512)S(1)}, s32[8]{0:T(128)S(1)}, s32[8,512]{0,1:T(8,128)}, s32[8,512]{0,1:T(8,128)S(1)}, /*index=5*/s32[512,8]{1,0:T(8,128)S(1)}); s32[8]{0:T(128)S(1)}; s32[8]{0:T(128)S(1)}; (s32[64]{0:T(128)S(1)}, s32[64]{0:T(128)S(1)}); (s32[8]{0:T(128)S(1)}, s32[512]{0:T(512)S(1)}, s32[8]{0:T(128)S(1)}, s32[8,512]{0,1:T(8,128)}, s32[8,512]{0,1:T(8,128)S(1)}, /*index=5*/s32[512,8]{1,0:T(8,128)S(1)})",,"op_name=""custom_kernel/custom_kernel/jit(moe)/shard_map/reduce_sum"" stack_frame_id=874",/mnt/data/workspace/tpu_benchmark_daily/third_party/torchtpu-vllm/src/vllm_torchtpu/kernels/fused_moe/v2/host.py:1149,"{""dynamic-slice"": 3, ""broadcast"": 8, ""multiply"": 9, ""reduce"": 7, ""subtract"": 3, ""bitcast"": 2, ""tuple"": 1}",[],126750,runs/layer-ops-20260923/dp8/hlo/pid-233147/module_5516.tt_jit_layernorm_L62C0_fused_add_rms_norm_add.cl_972931731.after_codegen.txt,MoE 路由/通信计划,求和归约：构造或处理 top-k 权重、专家计数、token 排列、量化 scale、远端地址及搬运计划；本行 dtype/shape 和 fused_ops 给出实际运算。
3,/device:TPU:0,XLA Ops,convert_reduce_fusion.416,loop fusion,fusion,24848.832158,2.027611,s32[64]{0:T(128)S(1)},s32[64]{0:T(128)S(1)},,"op_name=""custom_kernel/custom_kernel/jit(moe)/shard_map/reduce_sum"" stack_frame_id=822",/mnt/data/workspace/tpu_benchmark_daily/third_party/torchtpu-vllm/src/vllm_torchtpu/kernels/fused_moe/v2/host.py:997,"{""broadcast"": 2, ""compare"": 1, ""convert"": 1, ""reduce"": 1}",[],126761,runs/layer-ops-20260923/dp8/hlo/pid-233147/module_5516.tt_jit_layernorm_L62C0_fused_add_rms_norm_add.cl_972931731.after_codegen.txt,MoE 路由/通信计划,求和归约：构造或处理 top-k 权重、专家计数、token 排列、量化 scale、远端地址及搬运计划；本行 dtype/shape 和 fused_ops 给出实际运算。
3,/device:TPU:0,XLA Ops,all-gather.187.cloned.1.call-done,async-done,async-done,24853.120048,250.172869,"f8e4m3fn[32768,32,128]{2,1,0:T(32,128)(4,1)}","((f8e4m3fn[4096,32,128]{2,1,0:T(32,128)(4,1)}), f8e4m3fn[32768,32,128]{2,1,0:T(32,128)(4,1)})",,"op_name=""custom_kernel/custom_kernel/jit(moe)/shard_map/all_gather"" stack_frame_id=927",/mnt/data/workspace/tpu_benchmark_daily/third_party/torchtpu-vllm/src/vllm_torchtpu/kernels/fused_moe/v2/layer.py:406,{},"[{""opcode"": ""all-gather"", ""shape"": ""f8e4m3fn[32768,32,128]{2,1,0:T(32,128)(4,1)}"", ""replica_groups"": ""{{0,1,2,3,4,5,6,7}}"", ""attrs"": ""channel_id=1, replica_groups={{0,1,2,3,4,5,6,7}}, dimensions={0}, use_global_device_ids=true, metadata={op_name=\""custom_kernel/custom_kernel/jit(moe)/shard_map/all_gather\"" stack_frame_id=927}""}]",126769,runs/layer-ops-20260923/dp8/hlo/pid-233147/module_5516.tt_jit_layernorm_L62C0_fused_add_rms_norm_add.cl_972931731.after_codegen.txt,EP dispatch / all-gather,"收集该组 token 激活、router logits 或路由计划，供本地专家处理；实际 replica groups={{0,1,2,3,4,5,6,7}}，输出 f8e4m3fn[32768,32,128]{2,1,0:T(32,128)(4,1)}。异步边界不能重复计费。"
3,/device:TPU:0,XLA Ops,compare_select_fusion.292,loop fusion,fusion,25103.292993,1.666267,"(s32[327680]{0:T(1024)}, s32[327680]{0:T(1024)})",s32[327680]{0:T(1024)S(1)},,"op_name=""custom_kernel/custom_kernel/jit(moe)/shard_map/select_n"" stack_frame_id=936",/mnt/data/workspace/tpu_benchmark_daily/third_party/torchtpu-vllm/src/vllm_torchtpu/kernels/fused_moe/v2/layer.py:545,"{""broadcast"": 3, ""compare"": 1, ""add"": 2, ""select"": 2, ""tuple"": 1}",[],126770,runs/layer-ops-20260923/dp8/hlo/pid-233147/module_5516.tt_jit_layernorm_L62C0_fused_add_rms_norm_add.cl_972931731.after_codegen.txt,FP8 量化 scale,计算/保护动态 FP8 scale：max(abs(x))/448；全零行使用非零替代 scale，避免除零。部分 fusion 同时生成 MoE 的有效行 mask。
3,/device:TPU:0,XLA Ops,scatter_offload_async_done.6,async-done,async-done,25105.797119,21.420168,s32[328320]{0:T(1024)},"((s32[328320]{0:T(1024)}, s32[327680]{0:T(1024)}, s32[327680]{0:T(1024)}), s32[328320]{0:T(1024)})",,"op_name=""custom_kernel/custom_kernel/jit(moe)/shard_map/scatter-add"" stack_frame_id=930",/mnt/data/workspace/tpu_benchmark_daily/third_party/torchtpu-vllm/src/vllm_torchtpu/kernels/fused_moe/v2/host.py:969,{},[],126777,runs/layer-ops-20260923/dp8/hlo/pid-233147/module_5516.tt_jit_layernorm_L62C0_fused_add_rms_norm_add.cl_972931731.after_codegen.txt,异步调用控制,异步 kernel/collective 的启动、提交或完成边界；具体计算在被调用的 HLO computation 中，不能把边界再当一遍计算。
3,/device:TPU:0,XLA Ops,broadcast_clamp_fusion.56,loop fusion,fusion,25127.218488,1.486194,s32[328320]{0:T(1024)S(1)},s32[328320]{0:T(1024)},,"op_name=""custom_kernel/custom_kernel/jit(moe)/shard_map/jit(clip)/min"" stack_frame_id=933",/mnt/data/workspace/tpu_benchmark_daily/third_party/torchtpu-vllm/src/vllm_torchtpu/kernels/fused_moe/v2/host.py:970,"{""broadcast"": 2, ""clamp"": 1}",[],126778,runs/layer-ops-20260923/dp8/hlo/pid-233147/module_5516.tt_jit_layernorm_L62C0_fused_add_rms_norm_add.cl_972931731.after_codegen.txt,MoE 路由/通信计划,取最小值：构造或处理 top-k 权重、专家计数、token 排列、量化 scale、远端地址及搬运计划；本行 dtype/shape 和 fused_ops 给出实际运算。
3,/device:TPU:0,XLA Ops,pad.600,pad,pad,25128.714286,1.202881,s32[328576]{0:T(1024)},s32[328320]{0:T(1024)S(1)}; s32[]{:T(128)},,"op_name=""custom_kernel/custom_kernel/jit(moe)/shard_map/jit(_pad)/pad"" stack_frame_id=934",/mnt/data/workspace/tpu_benchmark_daily/third_party/torchtpu-vllm/src/vllm_torchtpu/kernels/fused_moe/v2/layer.py:523,{},[],126779,runs/layer-ops-20260923/dp8/hlo/pid-233147/module_5516.tt_jit_layernorm_L62C0_fused_add_rms_norm_add.cl_972931731.after_codegen.txt,MoE 路由/通信计划,补齐：构造或处理 top-k 权重、专家计数、token 排列、量化 scale、远端地址及搬运计划；本行 dtype/shape 和 fused_ops 给出实际运算。
3,/device:TPU:0,XLA Ops,scatter_offload_async_done.7,async-done,async-done,25129.917242,21.67587,s32[328448]{0:T(1024)},"((s32[328448]{0:T(1024)}, s32[327680]{0:T(1024)}, s32[327680]{0:T(1024)}), s32[328448]{0:T(1024)})",,"op_name=""custom_kernel/custom_kernel/jit(moe)/shard_map/scatter-add"" stack_frame_id=936",/mnt/data/workspace/tpu_benchmark_daily/third_party/torchtpu-vllm/src/vllm_torchtpu/kernels/fused_moe/v2/layer.py:545,{},[],126780,runs/layer-ops-20260923/dp8/hlo/pid-233147/module_5516.tt_jit_layernorm_L62C0_fused_add_rms_norm_add.cl_972931731.after_codegen.txt,异步调用控制,异步 kernel/collective 的启动、提交或完成边界；具体计算在被调用的 HLO computation 中，不能把边界再当一遍计算。
3,/device:TPU:0,XLA Ops,bitcast-convert_bitcast_fusion.56,loop fusion,fusion,25151.594238,2.487395,"f32[2566,128]{1,0:T(8,128)}",s32[328448]{0:T(1024)},,"op_name=""custom_kernel/custom_kernel/jit(moe)/shard_map/reshape"" stack_frame_id=941",/mnt/data/workspace/tpu_benchmark_daily/third_party/torchtpu-vllm/src/vllm_torchtpu/kernels/fused_moe/v2/layer.py:546,"{""bitcast-convert"": 1, ""bitcast"": 1}",[],126781,runs/layer-ops-20260923/dp8/hlo/pid-233147/module_5516.tt_jit_layernorm_L62C0_fused_add_rms_norm_add.cl_972931731.after_codegen.txt,MoE 路由/通信计划,形状变换：构造或处理 top-k 权重、专家计数、token 排列、量化 scale、远端地址及搬运计划；本行 dtype/shape 和 fused_ops 给出实际运算。
3,/device:TPU:0,XLA Ops,fused_ep_moe_v2_g64_c128_nb3.183,custom-call,custom-call,25154.090186,3444.090036,"(f8e4m3fn[41472,32,128]{2,1,0:T(32,128)(4,1)}, f32[1350,128]{1,0:T(8,128)}, f8e4m3fn[328320,32,128]{2,1,0:T(8,128)(4,1)}, f32[2695,128]{1,0:T(8,128)})","(s32[8,64]{0,1:T(8,128)S(1)}, s32[64,8]{1,0:T(8,128)}); (s32[8]{0:T(128)S(1)}, s32[64,8]{1,0:T(8,128)}); s32[64,8]{1,0:T(8,128)}; s32[64,8]{1,0:T(8,128)}; (s32[8]{0:T(128)S(1)}, s32[8]{0:T(128)S(1)}, s32[8]{0:T(128)S(1)}, s32[8]{0:T(128)S(1)}, s32[8]{0:T(128)S(1)}, /*index=5*/s32[8]{0:T(128)S(1)}, s32[8]{0:T(128)S(1)}, s32[64,8]{1,0:T(8,128)}); s32[64]{0:T(128)}; s32[64]{0:T(128)}; s32[64]{0:T(128)}; s32[8,8]{1,0:T(8,128)}; s32[1,1]{1,0:T(1,128)}; s32[328576]{0:T(1024)}; f8e4m3fn[32768,32,128]{2,1,0:T(32,128)(4,1)}; f32[2566,128]{1,0:T(8,128)}; f8e4m3fn[64,4096,2048]{2,1,0:T(32,128)(4,1)}; f8e4m3fn[64,1024,4096]{2,1,0:T(32,128)(4,1)}; f32[64,2048]{1,0:T(8,128)}; f32[64,4096]{1,0:T(8,128)}","routed_expert_scale,routed_expert_weight","op_name=""custom_kernel/custom_kernel/jit(moe)/shard_map/fused_ep_moe_v2_g64_c128_nb3/pallas_call"" stack_frame_id=943",/mnt/data/workspace/tpu_benchmark_daily/third_party/torchtpu-vllm/src/vllm_torchtpu/kernels/fused_moe/v2/kernel.py:1738,{},[],126787,runs/layer-ops-20260923/dp8/hlo/pid-233147/module_5516.tt_jit_layernorm_L62C0_fused_add_rms_norm_add.cl_972931731.after_codegen.txt,路由专家计算,融合本 rank 专家的 gate/up GEMM、SiLU×up、down GEMM，以及把结果推送回 token 所属 rank；权重和传输格式见 shape。
3,/device:TPU:0,XLA Ops,gather_offload_async_done.5,async-done,async-done,28598.343338,6.85114,f32[40960]{0:T(1024)},"((f32[1350,128]{1,0:T(8,128)}, s32[40960]{0:T(1024)}), f32[40960]{0:T(1024)})",,"op_name=""custom_kernel/custom_kernel/jit(moe)/shard_map/gather"" stack_frame_id=956",/mnt/data/workspace/tpu_benchmark_daily/third_party/torchtpu-vllm/src/vllm_torchtpu/kernels/fused_moe/v2/layer.py:93,{},[],126790,runs/layer-ops-20260923/dp8/hlo/pid-233147/module_5516.tt_jit_layernorm_L62C0_fused_add_rms_norm_add.cl_972931731.after_codegen.txt,SparseCore 索引读取,将按索引 gather 交给 SparseCore；此处 offload 表示计算交给 SparseCore，不表示模型权重从 DRAM offload。
3,/device:TPU:0 SparseCore 0,Sparse Core Ops,gather_offload_custom_fusion.197.cloned.1.call-done,async-done,async-done,28598.350541,6.738295,f32[40960]{0:T(1024)},"((f32[1350,128]{1,0:T(8,128)}, s32[40960]{0:T(1024)}), f32[40960]{0:T(1024)}, u32[]{:S(8)})",,"op_name=""custom_kernel/custom_kernel/jit(moe)/shard_map/gather"" stack_frame_id=956",/mnt/data/workspace/tpu_benchmark_daily/third_party/torchtpu-vllm/src/vllm_torchtpu/kernels/fused_moe/v2/layer.py:93,{},[],14027,runs/layer-ops-20260923/dp8/hlo/pid-233147/module_5516.tt_jit_layernorm_L62C0_fused_add_rms_norm_add.cl_972931731.after_codegen.txt,SparseCore 索引读取,将按索引 gather 交给 SparseCore；此处 offload 表示计算交给 SparseCore，不表示模型权重从 DRAM offload。
3,/device:TPU:0,XLA Ops,reshape.9607,data formatting,reshape,28605.194703,3.368547,"f32[4096,10]{1,0:T(8,128)S(1)}",f32[40960]{0:T(1024)},,"op_name=""custom_kernel/custom_kernel/jit(moe)/shard_map/gather"" stack_frame_id=956",/mnt/data/workspace/tpu_benchmark_daily/third_party/torchtpu-vllm/src/vllm_torchtpu/kernels/fused_moe/v2/layer.py:93,{},[],126791,runs/layer-ops-20260923/dp8/hlo/pid-233147/module_5516.tt_jit_layernorm_L62C0_fused_add_rms_norm_add.cl_972931731.after_codegen.txt,数据复制/布局物化,编译器生成的实际数据复制或物理布局变换；比较 operand_shapes 与 shape 可区分 tiling/维度顺序和 memory space 的变化。
3,/device:TPU:0,XLA Ops,select_multiply_fusion.56,loop fusion,fusion,28608.591912,3.373349,"f32[4096,10]{1,0:T(8,128)S(1)}","f32[4096,10]{1,0:T(8,128)S(1)}; f32[4096,10]{1,0:T(8,128)}; f32[4096]{0:T(1024)S(1)}; pred[4096]{0:T(1024)(128)(4,1)S(1)}",,"op_name=""custom_kernel/custom_kernel/jit(moe)/shard_map/mul"" stack_frame_id=965",/mnt/data/workspace/tpu_benchmark_daily/third_party/torchtpu-vllm/src/vllm_torchtpu/kernels/fused_moe/v2/layer.py:95,"{""broadcast"": 3, ""divide"": 1, ""select"": 1, ""multiply"": 1}",[],126794,runs/layer-ops-20260923/dp8/hlo/pid-233147/module_5516.tt_jit_layernorm_L62C0_fused_add_rms_norm_add.cl_972931731.after_codegen.txt,MoE 路由/通信计划,乘法：构造或处理 top-k 权重、专家计数、token 排列、量化 scale、远端地址及搬运计划；本行 dtype/shape 和 fused_ops 给出实际运算。
3,/device:TPU:0,XLA Ops,reshape.7212,data formatting,reshape,28611.972539,2.410564,f32[40960]{0:T(1024)},"f32[4096,10]{1,0:T(8,128)S(1)}",,"op_name=""custom_kernel/custom_kernel/jit(moe)/shard_map/reshape"" stack_frame_id=967",/mnt/data/workspace/tpu_benchmark_daily/third_party/torchtpu-vllm/src/vllm_torchtpu/kernels/fused_moe/v2/kernel.py:1977,{},[],126795,runs/layer-ops-20260923/dp8/hlo/pid-233147/module_5516.tt_jit_layernorm_L62C0_fused_add_rms_norm_add.cl_972931731.after_codegen.txt,数据复制/布局物化,编译器生成的实际数据复制或物理布局变换；比较 operand_shapes 与 shape 可区分 tiling/维度顺序和 memory space 的变化。
3,/device:TPU:0,XLA Ops,moe_v2_combine_t4096_k10_b64.183,custom-call,custom-call,28614.390156,179.037215,"bf16[4096,4096]{1,0:T(16,128)(2,1)}","s32[40960]{0:T(1024)}; f32[40960]{0:T(1024)}; (f8e4m3fn[41472,32,128]{2,1,0:T(32,128)(4,1)}, f32[1350,128]{1,0:T(8,128)}, f8e4m3fn[328320,32,128]{2,1,0:T(8,128)(4,1)}, f32[2695,128]{1,0:T(8,128)})",,"op_name=""custom_kernel/custom_kernel/jit(moe)/shard_map/moe_v2_combine_t4096_k10_b64/pallas_call"" stack_frame_id=968",/mnt/data/workspace/tpu_benchmark_daily/third_party/torchtpu-vllm/src/vllm_torchtpu/kernels/fused_moe/v2/kernel.py:1976,{},[],126800,runs/layer-ops-20260923/dp8/hlo/pid-233147/module_5516.tt_jit_layernorm_L62C0_fused_add_rms_norm_add.cl_972931731.after_codegen.txt,路由专家合并,按 token 的 top-k 路由取回专家结果，反量化、乘路由权重并求和，输出 BF16 hidden states。
3,/device:TPU:0,XLA Ops,multiply_reduce_fusion.112,convolution fusion,fusion,28793.480342,60.441777,"(f32[4096]{0:T(1024)S(1)}, bf16[4096,4096]{1,0:T(16,128)(2,1)})","(f32[4096]{0:T(1024)S(1)}, bf16[4096,4096]{1,0:T(16,128)(2,1)}, bf16[4096,4096]{1,0:T(16,128)(2,1)}); (f32[4096]{0:T(1024)S(1)}, bf16[4096,4096]{1,0:T(16,128)(2,1)}, bf16[4096,4096]{1,0:T(16,128)(2,1)}); bf16[4096,4096]{1,0:T(16,128)(2,1)}; f32[4096]{0:T(1024)S(1)}; f32[4096]{0:T(1024)S(1)}; f8e4m3fn[4096,1024]{1,0:T(32,128)(4,1)}; f8e4m3fn[1024,4096]{1,0:T(32,128)(4,1)}; bf16[4096]{0:T(1024)(128)(2,1)S(1)}","shared_down_weight,weight_or_scale","op_name=""custom_kernel/custom_kernel/jit(_quantized_matmul_jax)/dot_general"" stack_frame_id=647",/mnt/data/workspace/tpu_benchmark_daily/third_party/torchtpu-vllm/src/vllm_torchtpu/kernels/quantized_matmul/util.py:98,"{""broadcast"": 3, ""fusion"": 5, ""convolution"": 1, ""multiply"": 4, ""convert"": 6, ""add"": 3, ""reduce"": 1, ""copy"": 1, ""tuple"": 1}",[],126805,runs/layer-ops-20260923/dp8/hlo/pid-233147/module_5516.tt_jit_layernorm_L62C0_fused_add_rms_norm_add.cl_972931731.after_codegen.txt,共享专家 down/合并,共享专家的 down GEMM 投影回 hidden；可融合其 gate、路由专家输出相加及后续归一化的部分计算。
